time	V(a)	V(b)	V(out)	I(Vdd)
0.000000000000000e+00	0.000000e+00	0.000000e+00	1.000281e-03	-3.003800e-11
3.906249931451836e-16	0.000000e+00	0.000000e+00	1.000281e-03	-3.003800e-11
7.812499862903672e-16	0.000000e+00	0.000000e+00	1.000281e-03	-3.003800e-11
1.562499972580734e-15	0.000000e+00	0.000000e+00	1.000281e-03	-3.003800e-11
3.124999945161469e-15	0.000000e+00	0.000000e+00	1.000281e-03	-3.003800e-11
6.249999890322938e-15	0.000000e+00	0.000000e+00	1.000281e-03	-3.003800e-11
1.249999978064588e-14	0.000000e+00	0.000000e+00	1.000281e-03	-3.003800e-11
2.499999956129175e-14	0.000000e+00	0.000000e+00	1.000281e-03	-3.003800e-11
4.999999912258350e-14	0.000000e+00	0.000000e+00	1.000281e-03	-3.003800e-11
9.999999824516700e-14	0.000000e+00	0.000000e+00	1.000281e-03	-3.003800e-11
1.999999964903340e-13	0.000000e+00	0.000000e+00	1.000281e-03	-3.003800e-11
3.999999929806680e-13	0.000000e+00	0.000000e+00	1.000281e-03	-3.003800e-11
7.999999859613360e-13	0.000000e+00	0.000000e+00	1.000281e-03	-3.003800e-11
1.599999971922672e-12	0.000000e+00	0.000000e+00	1.000281e-03	-3.003800e-11
3.199999943845344e-12	0.000000e+00	0.000000e+00	1.000281e-03	-3.003800e-11
6.399999887690688e-12	0.000000e+00	0.000000e+00	1.000281e-03	-3.003800e-11
1.279999977538138e-11	0.000000e+00	0.000000e+00	1.000281e-03	-3.003800e-11
2.559999955076275e-11	0.000000e+00	0.000000e+00	1.000281e-03	-3.003800e-11
5.119999910152551e-11	0.000000e+00	0.000000e+00	1.000281e-03	-3.003800e-11
9.026249910152551e-11	0.000000e+00	0.000000e+00	1.000281e-03	-3.003800e-11
1.293249991015255e-10	0.000000e+00	0.000000e+00	1.000281e-03	-3.003800e-11
1.683874991015255e-10	0.000000e+00	0.000000e+00	1.000281e-03	-3.003800e-11
2.074499991015255e-10	0.000000e+00	0.000000e+00	1.000281e-03	-3.003800e-11
2.465124991015255e-10	0.000000e+00	0.000000e+00	1.000281e-03	-3.003800e-11
2.855749991015255e-10	0.000000e+00	0.000000e+00	1.000281e-03	-3.003800e-11
3.246374991015255e-10	0.000000e+00	0.000000e+00	1.000281e-03	-3.003800e-11
3.636999991015255e-10	0.000000e+00	0.000000e+00	1.000281e-03	-3.003800e-11
4.027624991015254e-10	0.000000e+00	0.000000e+00	1.000281e-03	-3.003800e-11
4.418249991015254e-10	0.000000e+00	0.000000e+00	1.000281e-03	-3.003800e-11
4.808874991015254e-10	0.000000e+00	0.000000e+00	1.000281e-03	-3.003800e-11
5.199499991015255e-10	0.000000e+00	0.000000e+00	1.000281e-03	-3.003800e-11
5.590124991015255e-10	0.000000e+00	0.000000e+00	1.000281e-03	-3.003800e-11
5.980749991015255e-10	0.000000e+00	0.000000e+00	1.000281e-03	-3.003800e-11
6.371374991015256e-10	0.000000e+00	0.000000e+00	1.000281e-03	-3.003800e-11
6.761999991015256e-10	0.000000e+00	0.000000e+00	1.000281e-03	-3.003800e-11
7.152624991015257e-10	0.000000e+00	0.000000e+00	1.000281e-03	-3.003800e-11
7.543249991015257e-10	0.000000e+00	0.000000e+00	1.000281e-03	-3.003800e-11
7.933874991015257e-10	0.000000e+00	0.000000e+00	1.000281e-03	-3.003800e-11
8.324499991015258e-10	0.000000e+00	0.000000e+00	1.000281e-03	-3.003800e-11
8.715124991015258e-10	0.000000e+00	0.000000e+00	1.000281e-03	-3.003800e-11
9.105749991015259e-10	0.000000e+00	0.000000e+00	1.000281e-03	-3.003800e-11
9.496374991015258e-10	0.000000e+00	0.000000e+00	1.000281e-03	-3.003800e-11
9.886999991015258e-10	0.000000e+00	0.000000e+00	1.000281e-03	-3.003800e-11
1.027762499101526e-09	0.000000e+00	0.000000e+00	1.000281e-03	-3.003800e-11
1.066824999101526e-09	0.000000e+00	0.000000e+00	1.000281e-03	-3.003800e-11
1.105887499101526e-09	0.000000e+00	0.000000e+00	1.000281e-03	-3.003800e-11
1.144949999101526e-09	0.000000e+00	0.000000e+00	1.000281e-03	-3.003800e-11
1.184012499101526e-09	0.000000e+00	0.000000e+00	1.000281e-03	-3.003800e-11
1.223074999101526e-09	0.000000e+00	0.000000e+00	1.000281e-03	-3.003800e-11
1.262137499101526e-09	0.000000e+00	0.000000e+00	1.000281e-03	-3.003800e-11
1.301199999101526e-09	0.000000e+00	0.000000e+00	1.000281e-03	-3.003800e-11
1.340262499101526e-09	0.000000e+00	0.000000e+00	1.000281e-03	-3.003800e-11
1.379324999101526e-09	0.000000e+00	0.000000e+00	1.000281e-03	-3.003800e-11
1.418387499101526e-09	0.000000e+00	0.000000e+00	1.000281e-03	-3.003800e-11
1.457449999101526e-09	0.000000e+00	0.000000e+00	1.000281e-03	-3.003800e-11
1.496512499101526e-09	0.000000e+00	0.000000e+00	1.000281e-03	-3.003800e-11
1.535574999101526e-09	0.000000e+00	0.000000e+00	1.000281e-03	-3.003800e-11
1.574637499101526e-09	0.000000e+00	0.000000e+00	1.000281e-03	-3.003800e-11
1.613699999101526e-09	0.000000e+00	0.000000e+00	1.000281e-03	-3.003800e-11
1.652762499101527e-09	0.000000e+00	0.000000e+00	1.000281e-03	-3.003800e-11
1.691824999101527e-09	0.000000e+00	0.000000e+00	1.000281e-03	-3.003800e-11
1.730887499101527e-09	0.000000e+00	0.000000e+00	1.000281e-03	-3.003800e-11
1.769949999101527e-09	0.000000e+00	0.000000e+00	1.000281e-03	-3.003800e-11
1.809012499101527e-09	0.000000e+00	0.000000e+00	1.000281e-03	-3.003800e-11
1.848074999101527e-09	0.000000e+00	0.000000e+00	1.000281e-03	-3.003800e-11
1.887137499101527e-09	0.000000e+00	0.000000e+00	1.000281e-03	-3.003800e-11
1.926199999101527e-09	0.000000e+00	0.000000e+00	1.000281e-03	-3.003800e-11
1.965262499101527e-09	0.000000e+00	0.000000e+00	1.000281e-03	-3.003800e-11
2.004324999101527e-09	0.000000e+00	0.000000e+00	1.000281e-03	-3.003800e-11
2.043387499101527e-09	0.000000e+00	0.000000e+00	1.000281e-03	-3.003800e-11
2.082449999101527e-09	0.000000e+00	0.000000e+00	1.000281e-03	-3.003800e-11
2.121512499101527e-09	0.000000e+00	0.000000e+00	1.000281e-03	-3.003800e-11
2.160574999101527e-09	0.000000e+00	0.000000e+00	1.000281e-03	-3.003800e-11
2.199637499101527e-09	0.000000e+00	0.000000e+00	1.000281e-03	-3.003800e-11
2.238699999101527e-09	0.000000e+00	0.000000e+00	1.000281e-03	-3.003800e-11
2.277762499101527e-09	0.000000e+00	0.000000e+00	1.000281e-03	-3.003800e-11
2.316824999101527e-09	0.000000e+00	0.000000e+00	1.000281e-03	-3.003800e-11
2.355887499101527e-09	0.000000e+00	0.000000e+00	1.000281e-03	-3.003800e-11
2.394949999101527e-09	0.000000e+00	0.000000e+00	1.000281e-03	-3.003800e-11
2.434012499101527e-09	0.000000e+00	0.000000e+00	1.000281e-03	-3.003800e-11
2.473074999101527e-09	0.000000e+00	0.000000e+00	1.000281e-03	-3.003800e-11
2.512137499101527e-09	0.000000e+00	0.000000e+00	1.000281e-03	-3.003800e-11
2.551199999101527e-09	0.000000e+00	0.000000e+00	1.000281e-03	-3.003800e-11
2.590262499101527e-09	0.000000e+00	0.000000e+00	1.000281e-03	-3.003800e-11
2.629324999101527e-09	0.000000e+00	0.000000e+00	1.000281e-03	-3.003800e-11
2.668387499101527e-09	0.000000e+00	0.000000e+00	1.000281e-03	-3.003800e-11
2.707449999101527e-09	0.000000e+00	0.000000e+00	1.000281e-03	-3.003800e-11
2.746512499101527e-09	0.000000e+00	0.000000e+00	1.000281e-03	-3.003800e-11
2.785574999101527e-09	0.000000e+00	0.000000e+00	1.000281e-03	-3.003800e-11
2.824637499101527e-09	0.000000e+00	0.000000e+00	1.000281e-03	-3.003800e-11
2.863699999101528e-09	0.000000e+00	0.000000e+00	1.000281e-03	-3.003800e-11
2.902762499101528e-09	0.000000e+00	0.000000e+00	1.000281e-03	-3.003800e-11
2.941824999101528e-09	0.000000e+00	0.000000e+00	1.000281e-03	-3.003800e-11
2.980887499101528e-09	0.000000e+00	0.000000e+00	1.000281e-03	-3.003800e-11
3.019949999101528e-09	0.000000e+00	0.000000e+00	1.000281e-03	-3.003800e-11
3.059012499101528e-09	0.000000e+00	0.000000e+00	1.000281e-03	-3.003800e-11
3.098074999101528e-09	0.000000e+00	0.000000e+00	1.000281e-03	-3.003800e-11
3.137137499101528e-09	0.000000e+00	0.000000e+00	1.000281e-03	-3.003800e-11
3.176199999101528e-09	0.000000e+00	0.000000e+00	1.000281e-03	-3.003800e-11
3.215262499101528e-09	0.000000e+00	0.000000e+00	1.000281e-03	-3.003800e-11
3.254324999101528e-09	0.000000e+00	0.000000e+00	1.000281e-03	-3.003800e-11
3.293387499101528e-09	0.000000e+00	0.000000e+00	1.000281e-03	-3.003800e-11
3.332449999101528e-09	0.000000e+00	0.000000e+00	1.000281e-03	-3.003800e-11
3.371512499101528e-09	0.000000e+00	0.000000e+00	1.000281e-03	-3.003800e-11
3.410574999101528e-09	0.000000e+00	0.000000e+00	1.000281e-03	-3.003800e-11
3.449637499101528e-09	0.000000e+00	0.000000e+00	1.000281e-03	-3.003800e-11
3.488699999101528e-09	0.000000e+00	0.000000e+00	1.000281e-03	-3.003800e-11
3.527762499101528e-09	0.000000e+00	0.000000e+00	1.000281e-03	-3.003800e-11
3.566824999101528e-09	0.000000e+00	0.000000e+00	1.000281e-03	-3.003800e-11
3.605887499101528e-09	0.000000e+00	0.000000e+00	1.000281e-03	-3.003800e-11
3.644949999101528e-09	0.000000e+00	0.000000e+00	1.000281e-03	-3.003800e-11
3.684012499101528e-09	0.000000e+00	0.000000e+00	1.000281e-03	-3.003800e-11
3.723074999101528e-09	0.000000e+00	0.000000e+00	1.000281e-03	-3.003800e-11
3.762137499101528e-09	0.000000e+00	0.000000e+00	1.000281e-03	-3.003800e-11
3.801199999101528e-09	0.000000e+00	0.000000e+00	1.000281e-03	-3.003800e-11
3.840262499101527e-09	0.000000e+00	0.000000e+00	1.000281e-03	-3.003800e-11
3.879324999101527e-09	0.000000e+00	0.000000e+00	1.000281e-03	-3.003800e-11
3.918387499101527e-09	0.000000e+00	0.000000e+00	1.000281e-03	-3.003800e-11
3.957449999101526e-09	0.000000e+00	0.000000e+00	1.000281e-03	-3.003800e-11
3.996512499101526e-09	0.000000e+00	0.000000e+00	1.000281e-03	-3.003800e-11
4.035574999101525e-09	0.000000e+00	0.000000e+00	1.000281e-03	-3.003800e-11
4.074637499101525e-09	0.000000e+00	0.000000e+00	1.000281e-03	-3.003800e-11
4.113699999101525e-09	0.000000e+00	0.000000e+00	1.000281e-03	-3.003800e-11
4.152762499101524e-09	0.000000e+00	0.000000e+00	1.000281e-03	-3.003800e-11
4.191824999101524e-09	0.000000e+00	0.000000e+00	1.000281e-03	-3.003800e-11
4.230887499101524e-09	0.000000e+00	0.000000e+00	1.000281e-03	-3.003800e-11
4.269949999101523e-09	0.000000e+00	0.000000e+00	1.000281e-03	-3.003800e-11
4.309012499101523e-09	0.000000e+00	0.000000e+00	1.000281e-03	-3.003800e-11
4.348074999101522e-09	0.000000e+00	0.000000e+00	1.000281e-03	-3.003800e-11
4.387137499101522e-09	0.000000e+00	0.000000e+00	1.000281e-03	-3.003800e-11
4.426199999101522e-09	0.000000e+00	0.000000e+00	1.000281e-03	-3.003800e-11
4.465262499101521e-09	0.000000e+00	0.000000e+00	1.000281e-03	-3.003800e-11
4.504324999101521e-09	0.000000e+00	0.000000e+00	1.000281e-03	-3.003800e-11
4.543387499101521e-09	0.000000e+00	0.000000e+00	1.000281e-03	-3.003800e-11
4.582449999101520e-09	0.000000e+00	0.000000e+00	1.000281e-03	-3.003800e-11
4.621512499101520e-09	0.000000e+00	0.000000e+00	1.000281e-03	-3.003800e-11
4.660574999101519e-09	0.000000e+00	0.000000e+00	1.000281e-03	-3.003800e-11
4.699637499101519e-09	0.000000e+00	0.000000e+00	1.000281e-03	-3.003800e-11
4.738699999101519e-09	0.000000e+00	0.000000e+00	1.000281e-03	-3.003800e-11
4.777762499101518e-09	0.000000e+00	0.000000e+00	1.000281e-03	-3.003800e-11
4.816824999101518e-09	0.000000e+00	0.000000e+00	1.000281e-03	-3.003800e-11
4.855887499101518e-09	0.000000e+00	0.000000e+00	1.000281e-03	-3.003800e-11
4.894949999101517e-09	0.000000e+00	0.000000e+00	1.000281e-03	-3.003800e-11
4.934012499101517e-09	0.000000e+00	0.000000e+00	1.000281e-03	-3.003800e-11
4.973074999101516e-09	0.000000e+00	0.000000e+00	1.000281e-03	-3.003800e-11
5.000000000000000e-09	0.000000e+00	0.000000e+00	1.000281e-03	-3.003800e-11
5.003906250000000e-09	1.953125e-01	0.000000e+00	1.149291e-03	-3.814995e-07
5.011718750000000e-09	5.859375e-01	0.000000e+00	2.639389e-03	-3.433257e-06
5.027343750000001e-09	1.367188e+00	0.000000e+00	1.992321e-02	-1.869204e-05
5.058593750000000e-09	2.929688e+00	0.000000e+00	1.827153e-01	-4.286195e-05
5.088028515871880e-09	4.401426e+00	0.000000e+00	5.885594e-01	-3.582926e-06
5.100000000000000e-09	5.000000e+00	0.000000e+00	8.477864e-01	-1.417221e-11
5.103399854672641e-09	5.000000e+00	0.000000e+00	9.298432e-01	-1.409016e-11
5.110199564017923e-09	5.000000e+00	0.000000e+00	1.092836e+00	-1.392716e-11
5.123798982708485e-09	5.000000e+00	0.000000e+00	1.411160e+00	-1.360884e-11
5.150997820089612e-09	5.000000e+00	0.000000e+00	2.009173e+00	-1.301085e-11
5.190060320089611e-09	5.000000e+00	0.000000e+00	2.758533e+00	-1.226168e-11
5.229122820089611e-09	5.000000e+00	0.000000e+00	3.365485e+00	-1.165451e-11
5.268185320089611e-09	5.000000e+00	0.000000e+00	3.833762e+00	-1.118624e-11
5.307247820089610e-09	5.000000e+00	0.000000e+00	4.181721e+00	-1.083828e-11
5.346310320089610e-09	5.000000e+00	0.000000e+00	4.432937e+00	-1.058706e-11
5.385372820089609e-09	5.000000e+00	0.000000e+00	4.610519e+00	-1.040948e-11
5.424435320089609e-09	5.000000e+00	0.000000e+00	4.734215e+00	-1.028583e-11
5.463497820089609e-09	5.000000e+00	0.000000e+00	4.819458e+00	-1.020056e-11
5.502560320089608e-09	5.000000e+00	0.000000e+00	4.877717e+00	-1.014221e-11
5.541622820089608e-09	5.000000e+00	0.000000e+00	4.917341e+00	-1.010226e-11
5.580685320089608e-09	5.000000e+00	0.000000e+00	4.944199e+00	-1.007465e-11
5.619747820089607e-09	5.000000e+00	0.000000e+00	4.962365e+00	-1.005530e-11
5.658810320089607e-09	5.000000e+00	0.000000e+00	4.974632e+00	-1.004162e-11
5.697872820089606e-09	5.000000e+00	0.000000e+00	4.982908e+00	-1.003193e-11
5.736935320089606e-09	5.000000e+00	0.000000e+00	4.988487e+00	-1.002511e-11
5.775997820089606e-09	5.000000e+00	0.000000e+00	4.992246e+00	-1.002034e-11
5.815060320089605e-09	5.000000e+00	0.000000e+00	4.994779e+00	-1.001705e-11
5.854122820089605e-09	5.000000e+00	0.000000e+00	4.996484e+00	-1.001479e-11
5.893185320089605e-09	5.000000e+00	0.000000e+00	4.997633e+00	-1.001324e-11
5.932247820089604e-09	5.000000e+00	0.000000e+00	4.998406e+00	-1.001219e-11
5.971310320089604e-09	5.000000e+00	0.000000e+00	4.998927e+00	-1.001148e-11
6.010372820089603e-09	5.000000e+00	0.000000e+00	4.999278e+00	-1.001100e-11
6.049435320089603e-09	5.000000e+00	0.000000e+00	4.999514e+00	-1.001067e-11
6.088497820089603e-09	5.000000e+00	0.000000e+00	4.999672e+00	-1.001045e-11
6.127560320089602e-09	5.000000e+00	0.000000e+00	4.999780e+00	-1.001031e-11
6.166622820089602e-09	5.000000e+00	0.000000e+00	4.999852e+00	-1.001021e-11
6.205685320089602e-09	5.000000e+00	0.000000e+00	4.999900e+00	-1.001014e-11
6.244747820089601e-09	5.000000e+00	0.000000e+00	4.999933e+00	-1.001009e-11
6.283810320089601e-09	5.000000e+00	0.000000e+00	4.999955e+00	-1.001006e-11
6.322872820089600e-09	5.000000e+00	0.000000e+00	4.999969e+00	-1.001004e-11
6.361935320089600e-09	5.000000e+00	0.000000e+00	4.999979e+00	-1.001003e-11
6.400997820089600e-09	5.000000e+00	0.000000e+00	4.999986e+00	-1.001002e-11
6.440060320089599e-09	5.000000e+00	0.000000e+00	4.999990e+00	-1.001001e-11
6.479122820089599e-09	5.000000e+00	0.000000e+00	4.999994e+00	-1.001001e-11
6.518185320089599e-09	5.000000e+00	0.000000e+00	4.999996e+00	-1.001001e-11
6.557247820089598e-09	5.000000e+00	0.000000e+00	4.999997e+00	-1.001000e-11
6.596310320089598e-09	5.000000e+00	0.000000e+00	4.999998e+00	-1.001000e-11
6.635372820089597e-09	5.000000e+00	0.000000e+00	4.999999e+00	-1.001000e-11
6.674435320089597e-09	5.000000e+00	0.000000e+00	4.999999e+00	-1.001000e-11
6.713497820089597e-09	5.000000e+00	0.000000e+00	5.000000e+00	-1.001000e-11
6.752560320089596e-09	5.000000e+00	0.000000e+00	5.000000e+00	-1.001000e-11
6.791622820089596e-09	5.000000e+00	0.000000e+00	5.000000e+00	-1.001000e-11
6.830685320089596e-09	5.000000e+00	0.000000e+00	5.000000e+00	-1.001000e-11
6.869747820089595e-09	5.000000e+00	0.000000e+00	5.000000e+00	-1.001000e-11
6.908810320089595e-09	5.000000e+00	0.000000e+00	5.000000e+00	-1.001000e-11
6.947872820089594e-09	5.000000e+00	0.000000e+00	5.000000e+00	-1.001000e-11
6.986935320089594e-09	5.000000e+00	0.000000e+00	5.000000e+00	-1.001000e-11
7.025997820089594e-09	5.000000e+00	0.000000e+00	5.000000e+00	-1.001000e-11
7.065060320089593e-09	5.000000e+00	0.000000e+00	5.000000e+00	-1.001000e-11
7.104122820089593e-09	5.000000e+00	0.000000e+00	5.000000e+00	-1.001000e-11
7.143185320089593e-09	5.000000e+00	0.000000e+00	5.000000e+00	-1.001000e-11
7.182247820089592e-09	5.000000e+00	0.000000e+00	5.000000e+00	-1.001000e-11
7.221310320089592e-09	5.000000e+00	0.000000e+00	5.000000e+00	-1.001000e-11
7.260372820089591e-09	5.000000e+00	0.000000e+00	5.000000e+00	-1.001000e-11
7.299435320089591e-09	5.000000e+00	0.000000e+00	5.000000e+00	-1.001000e-11
7.338497820089591e-09	5.000000e+00	0.000000e+00	5.000000e+00	-1.001000e-11
7.377560320089590e-09	5.000000e+00	0.000000e+00	5.000000e+00	-1.001000e-11
7.416622820089590e-09	5.000000e+00	0.000000e+00	5.000000e+00	-1.001000e-11
7.455685320089590e-09	5.000000e+00	0.000000e+00	5.000000e+00	-1.001000e-11
7.494747820089589e-09	5.000000e+00	0.000000e+00	5.000000e+00	-1.001000e-11
7.533810320089589e-09	5.000000e+00	0.000000e+00	5.000000e+00	-1.001000e-11
7.572872820089588e-09	5.000000e+00	0.000000e+00	5.000000e+00	-1.001000e-11
7.611935320089588e-09	5.000000e+00	0.000000e+00	5.000000e+00	-1.001000e-11
7.650997820089588e-09	5.000000e+00	0.000000e+00	5.000000e+00	-1.001000e-11
7.690060320089587e-09	5.000000e+00	0.000000e+00	5.000000e+00	-1.001000e-11
7.729122820089587e-09	5.000000e+00	0.000000e+00	5.000000e+00	-1.001000e-11
7.768185320089587e-09	5.000000e+00	0.000000e+00	5.000000e+00	-1.001000e-11
7.807247820089586e-09	5.000000e+00	0.000000e+00	5.000000e+00	-1.001000e-11
7.846310320089586e-09	5.000000e+00	0.000000e+00	5.000000e+00	-1.001000e-11
7.885372820089586e-09	5.000000e+00	0.000000e+00	5.000000e+00	-1.001000e-11
7.924435320089585e-09	5.000000e+00	0.000000e+00	5.000000e+00	-1.001000e-11
7.963497820089585e-09	5.000000e+00	0.000000e+00	5.000000e+00	-1.001000e-11
8.002560320089584e-09	5.000000e+00	0.000000e+00	5.000000e+00	-1.001000e-11
8.041622820089584e-09	5.000000e+00	0.000000e+00	5.000000e+00	-1.001000e-11
8.080685320089584e-09	5.000000e+00	0.000000e+00	5.000000e+00	-1.001000e-11
8.119747820089583e-09	5.000000e+00	0.000000e+00	5.000000e+00	-1.001000e-11
8.158810320089583e-09	5.000000e+00	0.000000e+00	5.000000e+00	-1.001000e-11
8.197872820089583e-09	5.000000e+00	0.000000e+00	5.000000e+00	-1.001000e-11
8.236935320089582e-09	5.000000e+00	0.000000e+00	5.000000e+00	-1.001000e-11
8.275997820089582e-09	5.000000e+00	0.000000e+00	5.000000e+00	-1.001000e-11
8.315060320089581e-09	5.000000e+00	0.000000e+00	5.000000e+00	-1.001000e-11
8.354122820089581e-09	5.000000e+00	0.000000e+00	5.000000e+00	-1.001000e-11
8.393185320089581e-09	5.000000e+00	0.000000e+00	5.000000e+00	-1.001000e-11
8.432247820089580e-09	5.000000e+00	0.000000e+00	5.000000e+00	-1.001000e-11
8.471310320089580e-09	5.000000e+00	0.000000e+00	5.000000e+00	-1.001000e-11
8.510372820089580e-09	5.000000e+00	0.000000e+00	5.000000e+00	-1.001000e-11
8.549435320089579e-09	5.000000e+00	0.000000e+00	5.000000e+00	-1.001000e-11
8.588497820089579e-09	5.000000e+00	0.000000e+00	5.000000e+00	-1.001000e-11
8.627560320089578e-09	5.000000e+00	0.000000e+00	5.000000e+00	-1.001000e-11
8.666622820089578e-09	5.000000e+00	0.000000e+00	5.000000e+00	-1.001000e-11
8.705685320089578e-09	5.000000e+00	0.000000e+00	5.000000e+00	-1.001000e-11
8.744747820089577e-09	5.000000e+00	0.000000e+00	5.000000e+00	-1.001000e-11
8.783810320089577e-09	5.000000e+00	0.000000e+00	5.000000e+00	-1.001000e-11
8.822872820089577e-09	5.000000e+00	0.000000e+00	5.000000e+00	-1.001000e-11
8.861935320089576e-09	5.000000e+00	0.000000e+00	5.000000e+00	-1.001000e-11
8.900997820089576e-09	5.000000e+00	0.000000e+00	5.000000e+00	-1.001000e-11
8.940060320089575e-09	5.000000e+00	0.000000e+00	5.000000e+00	-1.001000e-11
8.979122820089575e-09	5.000000e+00	0.000000e+00	5.000000e+00	-1.001000e-11
9.018185320089575e-09	5.000000e+00	0.000000e+00	5.000000e+00	-1.001000e-11
9.057247820089574e-09	5.000000e+00	0.000000e+00	5.000000e+00	-1.001000e-11
9.096310320089574e-09	5.000000e+00	0.000000e+00	5.000000e+00	-1.001000e-11
9.135372820089574e-09	5.000000e+00	0.000000e+00	5.000000e+00	-1.001000e-11
9.174435320089573e-09	5.000000e+00	0.000000e+00	5.000000e+00	-1.001000e-11
9.213497820089573e-09	5.000000e+00	0.000000e+00	5.000000e+00	-1.001000e-11
9.252560320089572e-09	5.000000e+00	0.000000e+00	5.000000e+00	-1.001000e-11
9.291622820089572e-09	5.000000e+00	0.000000e+00	5.000000e+00	-1.001000e-11
9.330685320089572e-09	5.000000e+00	0.000000e+00	5.000000e+00	-1.001000e-11
9.369747820089571e-09	5.000000e+00	0.000000e+00	5.000000e+00	-1.001000e-11
9.408810320089571e-09	5.000000e+00	0.000000e+00	5.000000e+00	-1.001000e-11
9.447872820089571e-09	5.000000e+00	0.000000e+00	5.000000e+00	-1.001000e-11
9.486935320089570e-09	5.000000e+00	0.000000e+00	5.000000e+00	-1.001000e-11
9.525997820089570e-09	5.000000e+00	0.000000e+00	5.000000e+00	-1.001000e-11
9.565060320089569e-09	5.000000e+00	0.000000e+00	5.000000e+00	-1.001000e-11
9.604122820089569e-09	5.000000e+00	0.000000e+00	5.000000e+00	-1.001000e-11
9.643185320089569e-09	5.000000e+00	0.000000e+00	5.000000e+00	-1.001000e-11
9.682247820089568e-09	5.000000e+00	0.000000e+00	5.000000e+00	-1.001000e-11
9.721310320089568e-09	5.000000e+00	0.000000e+00	5.000000e+00	-1.001000e-11
9.760372820089568e-09	5.000000e+00	0.000000e+00	5.000000e+00	-1.001000e-11
9.799435320089567e-09	5.000000e+00	0.000000e+00	5.000000e+00	-1.001000e-11
9.838497820089567e-09	5.000000e+00	0.000000e+00	5.000000e+00	-1.001000e-11
9.877560320089566e-09	5.000000e+00	0.000000e+00	5.000000e+00	-1.001000e-11
9.916622820089566e-09	5.000000e+00	0.000000e+00	5.000000e+00	-1.001000e-11
9.955685320089566e-09	5.000000e+00	0.000000e+00	5.000000e+00	-1.001000e-11
9.994747820089565e-09	5.000000e+00	0.000000e+00	5.000000e+00	-1.001000e-11
1.000000000000000e-08	5.000000e+00	0.000000e+00	5.000000e+00	-1.001000e-11
1.000390625000000e-08	4.804688e+00	0.000000e+00	4.992801e+00	-3.814799e-07
1.001171875000000e-08	4.414062e+00	0.000000e+00	4.965401e+00	-3.433238e-06
1.002734375000000e-08	3.632812e+00	0.000000e+00	4.844734e+00	-1.869203e-05
1.005859375000000e-08	2.070312e+00	0.000000e+00	4.442764e+00	-4.286195e-05
1.009765625000000e-08	1.171875e-01	0.000000e+00	3.851507e+00	-1.373513e-07
1.010000000000000e-08	0.000000e+00	0.000000e+00	3.817065e+00	-2.240587e-11
1.010390625000000e-08	0.000000e+00	0.000000e+00	3.761788e+00	-2.251642e-11
1.011171875000000e-08	0.000000e+00	0.000000e+00	3.654346e+00	-2.273131e-11
1.012734375000000e-08	0.000000e+00	0.000000e+00	3.456670e+00	-2.312666e-11
1.015859375000000e-08	0.000000e+00	0.000000e+00	3.118112e+00	-2.380387e-11
1.019765625000000e-08	0.000000e+00	0.000000e+00	2.777717e+00	-2.448481e-11
1.023671875000000e-08	0.000000e+00	0.000000e+00	2.504711e+00	-2.503074e-11
1.027578125000000e-08	0.000000e+00	0.000000e+00	2.280720e+00	-2.547865e-11
1.031484375000000e-08	0.000000e+00	0.000000e+00	2.093591e+00	-2.585287e-11
1.035390625000000e-08	0.000000e+00	0.000000e+00	1.934903e+00	-2.617022e-11
1.039296875000000e-08	0.000000e+00	0.000000e+00	1.798622e+00	-2.644277e-11
1.043203125000000e-08	0.000000e+00	0.000000e+00	1.680309e+00	-2.667939e-11
1.047109375000000e-08	0.000000e+00	0.000000e+00	1.576624e+00	-2.688676e-11
1.051015625000000e-08	0.000000e+00	0.000000e+00	1.485010e+00	-2.706998e-11
1.054921875000000e-08	0.000000e+00	0.000000e+00	1.403472e+00	-2.723306e-11
1.058828125000000e-08	0.000000e+00	0.000000e+00	1.330433e+00	-2.737914e-11
1.062734375000000e-08	0.000000e+00	0.000000e+00	1.264628e+00	-2.751075e-11
1.066640625000000e-08	0.000000e+00	0.000000e+00	1.205032e+00	-2.762993e-11
1.070546875000000e-08	0.000000e+00	0.000000e+00	1.150806e+00	-2.773839e-11
1.074453124999999e-08	0.000000e+00	0.000000e+00	1.101254e+00	-2.783749e-11
1.078359374999999e-08	0.000000e+00	0.000000e+00	1.055797e+00	-2.792841e-11
1.082265624999999e-08	0.000000e+00	0.000000e+00	1.013946e+00	-2.801211e-11
1.086171874999999e-08	0.000000e+00	0.000000e+00	9.752885e-01	-2.808942e-11
1.090078124999999e-08	0.000000e+00	0.000000e+00	9.394726e-01	-2.816106e-11
1.093984374999999e-08	0.000000e+00	0.000000e+00	9.061955e-01	-2.822761e-11
1.097890624999999e-08	0.000000e+00	0.000000e+00	8.751966e-01	-2.828961e-11
1.101796874999999e-08	0.000000e+00	0.000000e+00	8.462494e-01	-2.834750e-11
1.105703124999999e-08	0.000000e+00	0.000000e+00	8.191567e-01	-2.840169e-11
1.109609374999999e-08	0.000000e+00	0.000000e+00	7.937457e-01	-2.845251e-11
1.113515624999999e-08	0.000000e+00	0.000000e+00	7.698645e-01	-2.850027e-11
1.117421874999999e-08	0.000000e+00	0.000000e+00	7.473789e-01	-2.854524e-11
1.121328124999999e-08	0.000000e+00	0.000000e+00	7.261701e-01	-2.858766e-11
1.125234374999999e-08	0.000000e+00	0.000000e+00	7.061322e-01	-2.862774e-11
1.129140624999999e-08	0.000000e+00	0.000000e+00	6.871708e-01	-2.866566e-11
1.133046874999999e-08	0.000000e+00	0.000000e+00	6.692014e-01	-2.870160e-11
1.136953124999999e-08	0.000000e+00	0.000000e+00	6.521482e-01	-2.873570e-11
1.140859374999999e-08	0.000000e+00	0.000000e+00	6.359428e-01	-2.876811e-11
1.144765624999999e-08	0.000000e+00	0.000000e+00	6.205235e-01	-2.879895e-11
1.148671874999999e-08	0.000000e+00	0.000000e+00	6.058344e-01	-2.882833e-11
1.152578124999999e-08	0.000000e+00	0.000000e+00	5.918248e-01	-2.885635e-11
1.156484374999999e-08	0.000000e+00	0.000000e+00	5.784487e-01	-2.888310e-11
1.160390624999999e-08	0.000000e+00	0.000000e+00	5.656640e-01	-2.890867e-11
1.164296874999999e-08	0.000000e+00	0.000000e+00	5.534323e-01	-2.893313e-11
1.168203124999999e-08	0.000000e+00	0.000000e+00	5.417186e-01	-2.895656e-11
1.172109374999999e-08	0.000000e+00	0.000000e+00	5.304905e-01	-2.897902e-11
1.176015624999999e-08	0.000000e+00	0.000000e+00	5.197185e-01	-2.900056e-11
1.179921874999998e-08	0.000000e+00	0.000000e+00	5.093754e-01	-2.902125e-11
1.183828124999998e-08	0.000000e+00	0.000000e+00	4.994360e-01	-2.904113e-11
1.187734374999998e-08	0.000000e+00	0.000000e+00	4.898771e-01	-2.906025e-11
1.191640624999998e-08	0.000000e+00	0.000000e+00	4.806774e-01	-2.907864e-11
1.195546874999998e-08	0.000000e+00	0.000000e+00	4.718168e-01	-2.909637e-11
1.199453124999998e-08	0.000000e+00	0.000000e+00	4.632771e-01	-2.911344e-11
1.203359374999998e-08	0.000000e+00	0.000000e+00	4.550410e-01	-2.912992e-11
1.207265624999998e-08	0.000000e+00	0.000000e+00	4.470927e-01	-2.914581e-11
1.211171874999998e-08	0.000000e+00	0.000000e+00	4.394174e-01	-2.916116e-11
1.215078124999998e-08	0.000000e+00	0.000000e+00	4.320011e-01	-2.917600e-11
1.218984374999998e-08	0.000000e+00	0.000000e+00	4.248311e-01	-2.919034e-11
1.222890624999998e-08	0.000000e+00	0.000000e+00	4.178953e-01	-2.920421e-11
1.226796874999998e-08	0.000000e+00	0.000000e+00	4.111823e-01	-2.921764e-11
1.230703124999998e-08	0.000000e+00	0.000000e+00	4.046816e-01	-2.923064e-11
1.234609374999998e-08	0.000000e+00	0.000000e+00	3.983832e-01	-2.924323e-11
1.238515624999998e-08	0.000000e+00	0.000000e+00	3.922780e-01	-2.925544e-11
1.242421874999998e-08	0.000000e+00	0.000000e+00	3.863570e-01	-2.926729e-11
1.246328124999998e-08	0.000000e+00	0.000000e+00	3.806122e-01	-2.927877e-11
1.250234374999998e-08	0.000000e+00	0.000000e+00	3.750357e-01	-2.928993e-11
1.254140624999998e-08	0.000000e+00	0.000000e+00	3.696203e-01	-2.930076e-11
1.258046874999998e-08	0.000000e+00	0.000000e+00	3.643591e-01	-2.931128e-11
1.261953124999998e-08	0.000000e+00	0.000000e+00	3.592455e-01	-2.932151e-11
1.265859374999998e-08	0.000000e+00	0.000000e+00	3.542736e-01	-2.933145e-11
1.269765624999998e-08	0.000000e+00	0.000000e+00	3.494373e-01	-2.934112e-11
1.273671874999998e-08	0.000000e+00	0.000000e+00	3.447314e-01	-2.935054e-11
1.277578124999998e-08	0.000000e+00	0.000000e+00	3.401505e-01	-2.935970e-11
1.281484374999998e-08	0.000000e+00	0.000000e+00	3.356898e-01	-2.936862e-11
1.285390624999997e-08	0.000000e+00	0.000000e+00	3.313446e-01	-2.937731e-11
1.289296874999997e-08	0.000000e+00	0.000000e+00	3.271104e-01	-2.938578e-11
1.293203124999997e-08	0.000000e+00	0.000000e+00	3.229831e-01	-2.939403e-11
1.297109374999997e-08	0.000000e+00	0.000000e+00	3.189587e-01	-2.940208e-11
1.301015624999997e-08	0.000000e+00	0.000000e+00	3.150333e-01	-2.940993e-11
1.304921874999997e-08	0.000000e+00	0.000000e+00	3.112034e-01	-2.941759e-11
1.308828124999997e-08	0.000000e+00	0.000000e+00	3.074655e-01	-2.942507e-11
1.312734374999997e-08	0.000000e+00	0.000000e+00	3.038163e-01	-2.943237e-11
1.316640624999997e-08	0.000000e+00	0.000000e+00	3.002528e-01	-2.943949e-11
1.320546874999997e-08	0.000000e+00	0.000000e+00	2.967719e-01	-2.944646e-11
1.324453124999997e-08	0.000000e+00	0.000000e+00	2.933707e-01	-2.945326e-11
1.328359374999997e-08	0.000000e+00	0.000000e+00	2.900467e-01	-2.945991e-11
1.332265624999997e-08	0.000000e+00	0.000000e+00	2.867971e-01	-2.946641e-11
1.336171874999997e-08	0.000000e+00	0.000000e+00	2.836196e-01	-2.947276e-11
1.340078124999997e-08	0.000000e+00	0.000000e+00	2.805116e-01	-2.947897e-11
1.343984374999997e-08	0.000000e+00	0.000000e+00	2.774711e-01	-2.948506e-11
1.347890624999997e-08	0.000000e+00	0.000000e+00	2.744958e-01	-2.949101e-11
1.351796874999997e-08	0.000000e+00	0.000000e+00	2.715836e-01	-2.949683e-11
1.355703124999997e-08	0.000000e+00	0.000000e+00	2.687325e-01	-2.950254e-11
1.359609374999997e-08	0.000000e+00	0.000000e+00	2.659408e-01	-2.950812e-11
1.363515624999997e-08	0.000000e+00	0.000000e+00	2.632064e-01	-2.951359e-11
1.367421874999997e-08	0.000000e+00	0.000000e+00	2.605277e-01	-2.951894e-11
1.371328124999997e-08	0.000000e+00	0.000000e+00	2.579029e-01	-2.952419e-11
1.375234374999997e-08	0.000000e+00	0.000000e+00	2.553305e-01	-2.952934e-11
1.379140624999997e-08	0.000000e+00	0.000000e+00	2.528090e-01	-2.953438e-11
1.383046874999997e-08	0.000000e+00	0.000000e+00	2.503367e-01	-2.953933e-11
1.386953124999997e-08	0.000000e+00	0.000000e+00	2.479124e-01	-2.954418e-11
1.390859374999996e-08	0.000000e+00	0.000000e+00	2.455345e-01	-2.954893e-11
1.394765624999996e-08	0.000000e+00	0.000000e+00	2.432019e-01	-2.955360e-11
1.398671874999996e-08	0.000000e+00	0.000000e+00	2.409131e-01	-2.955817e-11
1.402578124999996e-08	0.000000e+00	0.000000e+00	2.386670e-01	-2.956266e-11
1.406484374999996e-08	0.000000e+00	0.000000e+00	2.364624e-01	-2.956707e-11
1.410390624999996e-08	0.000000e+00	0.000000e+00	2.342982e-01	-2.957140e-11
1.414296874999996e-08	0.000000e+00	0.000000e+00	2.321732e-01	-2.957565e-11
1.418203124999996e-08	0.000000e+00	0.000000e+00	2.300865e-01	-2.957982e-11
1.422109374999996e-08	0.000000e+00	0.000000e+00	2.280369e-01	-2.958393e-11
1.426015624999996e-08	0.000000e+00	0.000000e+00	2.260235e-01	-2.958795e-11
1.429921874999996e-08	0.000000e+00	0.000000e+00	2.240454e-01	-2.959191e-11
1.433828124999996e-08	0.000000e+00	0.000000e+00	2.221015e-01	-2.959579e-11
1.437734374999996e-08	0.000000e+00	0.000000e+00	2.201912e-01	-2.959962e-11
1.441640624999996e-08	0.000000e+00	0.000000e+00	2.183134e-01	-2.960337e-11
1.445546874999996e-08	0.000000e+00	0.000000e+00	2.164673e-01	-2.960706e-11
1.449453124999996e-08	0.000000e+00	0.000000e+00	2.146523e-01	-2.961070e-11
1.453359374999996e-08	0.000000e+00	0.000000e+00	2.128674e-01	-2.961427e-11
1.457265624999996e-08	0.000000e+00	0.000000e+00	2.111119e-01	-2.961778e-11
1.461171874999996e-08	0.000000e+00	0.000000e+00	2.093852e-01	-2.962123e-11
1.465078124999996e-08	0.000000e+00	0.000000e+00	2.076865e-01	-2.962463e-11
1.468984374999996e-08	0.000000e+00	0.000000e+00	2.060151e-01	-2.962797e-11
1.472890624999996e-08	0.000000e+00	0.000000e+00	2.043704e-01	-2.963126e-11
1.476796874999996e-08	0.000000e+00	0.000000e+00	2.027518e-01	-2.963450e-11
1.480703124999996e-08	0.000000e+00	0.000000e+00	2.011586e-01	-2.963768e-11
1.484609374999996e-08	0.000000e+00	0.000000e+00	1.995903e-01	-2.964082e-11
1.488515624999996e-08	0.000000e+00	0.000000e+00	1.980462e-01	-2.964391e-11
1.492421874999995e-08	0.000000e+00	0.000000e+00	1.965258e-01	-2.964695e-11
1.496328124999995e-08	0.000000e+00	0.000000e+00	1.950286e-01	-2.964994e-11
1.500000000000000e-08	0.000000e+00	0.000000e+00	1.936419e-01	-2.965271e-11
1.500390625000000e-08	0.000000e+00	1.953125e-01	1.936419e-01	-5.756104e-11
1.501171875000000e-08	0.000000e+00	5.859375e-01	1.942413e-01	-1.534289e-06
1.502734375000000e-08	0.000000e+00	1.367188e+00	2.059736e-01	-1.348419e-05
1.505859375000000e-08	0.000000e+00	2.929688e+00	3.324422e-01	-6.745686e-05
1.509038593324497e-08	0.000000e+00	4.519297e+00	6.560757e-01	-1.361362e-04
1.510000000000000e-08	0.000000e+00	5.000000e+00	7.915751e-01	-1.457410e-04
1.510390625000000e-08	0.000000e+00	5.000000e+00	8.473210e-01	-1.427093e-04
1.511171875000000e-08	0.000000e+00	5.000000e+00	9.564916e-01	-1.367675e-04
1.512734375000000e-08	0.000000e+00	5.000000e+00	1.161493e+00	-1.256320e-04
1.515859375000000e-08	0.000000e+00	5.000000e+00	1.523816e+00	-1.062379e-04
1.519765625000000e-08	0.000000e+00	5.000000e+00	1.900950e+00	-8.681926e-05
1.523671875000000e-08	0.000000e+00	5.000000e+00	2.210704e+00	-7.174907e-05
1.527578125000000e-08	0.000000e+00	5.000000e+00	2.468028e+00	-5.999867e-05
1.531484375000000e-08	0.000000e+00	5.000000e+00	2.684315e+00	-5.074809e-05
1.535390625000000e-08	0.000000e+00	5.000000e+00	2.868147e+00	-4.338218e-05
1.539296875000000e-08	0.000000e+00	5.000000e+00	3.026004e+00	-3.744799e-05
1.543203125000000e-08	0.000000e+00	5.000000e+00	3.162831e+00	-3.261258e-05
1.547109375000000e-08	0.000000e+00	5.000000e+00	3.282437e+00	-2.862989e-05
1.551015625000000e-08	0.000000e+00	5.000000e+00	3.387794e+00	-2.531642e-05
1.554921875000000e-08	0.000000e+00	5.000000e+00	3.481248e+00	-2.253400e-05
1.558828124999999e-08	0.000000e+00	5.000000e+00	3.564665e+00	-2.017741e-05
1.562734374999999e-08	0.000000e+00	5.000000e+00	3.639551e+00	-1.816564e-05
1.566640624999999e-08	0.000000e+00	5.000000e+00	3.707130e+00	-1.643573e-05
1.570546874999999e-08	0.000000e+00	5.000000e+00	3.768406e+00	-1.493817e-05
1.574453124999999e-08	0.000000e+00	5.000000e+00	3.824209e+00	-1.363372e-05
1.578359374999999e-08	0.000000e+00	5.000000e+00	3.875233e+00	-1.249097e-05
1.582265624999999e-08	0.000000e+00	5.000000e+00	3.922060e+00	-1.148456e-05
1.586171874999999e-08	0.000000e+00	5.000000e+00	3.965181e+00	-1.059385e-05
1.590078124999999e-08	0.000000e+00	5.000000e+00	4.005016e+00	-9.801944e-06
1.593984374999999e-08	0.000000e+00	5.000000e+00	4.041923e+00	-9.094873e-06
1.597890624999999e-08	0.000000e+00	5.000000e+00	4.076212e+00	-8.461039e-06
1.601796874999999e-08	0.000000e+00	5.000000e+00	4.108149e+00	-7.890744e-06
1.605703124999999e-08	0.000000e+00	5.000000e+00	4.137966e+00	-7.375830e-06
1.609609374999999e-08	0.000000e+00	5.000000e+00	4.165866e+00	-6.909399e-06
1.613515624999999e-08	0.000000e+00	5.000000e+00	4.192028e+00	-6.485587e-06
1.617421874999999e-08	0.000000e+00	5.000000e+00	4.216608e+00	-6.099387e-06
1.621328124999999e-08	0.000000e+00	5.000000e+00	4.239744e+00	-5.746500e-06
1.625234374999999e-08	0.000000e+00	5.000000e+00	4.261560e+00	-5.423222e-06
1.629140624999999e-08	0.000000e+00	5.000000e+00	4.282165e+00	-5.126347e-06
1.633046874999999e-08	0.000000e+00	5.000000e+00	4.301655e+00	-4.853089e-06
1.636953124999999e-08	0.000000e+00	5.000000e+00	4.320120e+00	-4.601019e-06
1.640859374999999e-08	0.000000e+00	5.000000e+00	4.337638e+00	-4.368010e-06
1.644765624999999e-08	0.000000e+00	5.000000e+00	4.354279e+00	-4.152196e-06
1.648671874999999e-08	0.000000e+00	5.000000e+00	4.370107e+00	-3.951931e-06
1.652578124999999e-08	0.000000e+00	5.000000e+00	4.385180e+00	-3.765763e-06
1.656484374999999e-08	0.000000e+00	5.000000e+00	4.399552e+00	-3.592404e-06
1.660390624999999e-08	0.000000e+00	5.000000e+00	4.413269e+00	-3.430707e-06
1.664296874999998e-08	0.000000e+00	5.000000e+00	4.426374e+00	-3.279654e-06
1.668203124999998e-08	0.000000e+00	5.000000e+00	4.438910e+00	-3.138334e-06
1.672109374999998e-08	0.000000e+00	5.000000e+00	4.450910e+00	-3.005929e-06
1.676015624999998e-08	0.000000e+00	5.000000e+00	4.462409e+00	-2.881707e-06
1.679921874999998e-08	0.000000e+00	5.000000e+00	4.473438e+00	-2.765011e-06
1.683828124999998e-08	0.000000e+00	5.000000e+00	4.484024e+00	-2.655244e-06
1.687734374999998e-08	0.000000e+00	5.000000e+00	4.494194e+00	-2.551871e-06
1.691640624999998e-08	0.000000e+00	5.000000e+00	4.503972e+00	-2.454406e-06
1.695546874999998e-08	0.000000e+00	5.000000e+00	4.513380e+00	-2.362407e-06
1.699453124999998e-08	0.000000e+00	5.000000e+00	4.522438e+00	-2.275475e-06
1.703359374999998e-08	0.000000e+00	5.000000e+00	4.531166e+00	-2.193245e-06
1.707265624999998e-08	0.000000e+00	5.000000e+00	4.539581e+00	-2.115384e-06
1.711171874999998e-08	0.000000e+00	5.000000e+00	4.547700e+00	-2.041590e-06
1.715078124999998e-08	0.000000e+00	5.000000e+00	4.555538e+00	-1.971583e-06
1.718984374999998e-08	0.000000e+00	5.000000e+00	4.563109e+00	-1.905110e-06
1.722890624999998e-08	0.000000e+00	5.000000e+00	4.570428e+00	-1.841938e-06
1.726796874999998e-08	0.000000e+00	5.000000e+00	4.577506e+00	-1.781851e-06
1.730703124999998e-08	0.000000e+00	5.000000e+00	4.584354e+00	-1.724652e-06
1.734609374999998e-08	0.000000e+00	5.000000e+00	4.590984e+00	-1.670160e-06
1.738515624999998e-08	0.000000e+00	5.000000e+00	4.597407e+00	-1.618206e-06
1.742421874999998e-08	0.000000e+00	5.000000e+00	4.603631e+00	-1.568636e-06
1.746328124999998e-08	0.000000e+00	5.000000e+00	4.609666e+00	-1.521306e-06
1.750234374999998e-08	0.000000e+00	5.000000e+00	4.615520e+00	-1.476083e-06
1.754140624999998e-08	0.000000e+00	5.000000e+00	4.621202e+00	-1.432845e-06
1.758046874999998e-08	0.000000e+00	5.000000e+00	4.626718e+00	-1.391476e-06
1.761953124999998e-08	0.000000e+00	5.000000e+00	4.632076e+00	-1.351872e-06
1.765859374999998e-08	0.000000e+00	5.000000e+00	4.637282e+00	-1.313932e-06
1.769765624999997e-08	0.000000e+00	5.000000e+00	4.642344e+00	-1.277566e-06
1.773671874999997e-08	0.000000e+00	5.000000e+00	4.647266e+00	-1.242687e-06
1.777578124999997e-08	0.000000e+00	5.000000e+00	4.652055e+00	-1.209215e-06
1.781484374999997e-08	0.000000e+00	5.000000e+00	4.656715e+00	-1.177077e-06
1.785390624999997e-08	0.000000e+00	5.000000e+00	4.661252e+00	-1.146201e-06
1.789296874999997e-08	0.000000e+00	5.000000e+00	4.665672e+00	-1.116523e-06
1.793203124999997e-08	0.000000e+00	5.000000e+00	4.669978e+00	-1.087983e-06
1.797109374999997e-08	0.000000e+00	5.000000e+00	4.674174e+00	-1.060521e-06
1.801015624999997e-08	0.000000e+00	5.000000e+00	4.678265e+00	-1.034085e-06
1.804921874999997e-08	0.000000e+00	5.000000e+00	4.682254e+00	-1.008625e-06
1.808828124999997e-08	0.000000e+00	5.000000e+00	4.686146e+00	-9.840929e-07
1.812734374999997e-08	0.000000e+00	5.000000e+00	4.689944e+00	-9.604441e-07
1.816640624999997e-08	0.000000e+00	5.000000e+00	4.693651e+00	-9.376369e-07
1.820546874999997e-08	0.000000e+00	5.000000e+00	4.697270e+00	-9.156319e-07
1.824453124999997e-08	0.000000e+00	5.000000e+00	4.700806e+00	-8.943919e-07
1.828359374999997e-08	0.000000e+00	5.000000e+00	4.704259e+00	-8.738820e-07
1.832265624999997e-08	0.000000e+00	5.000000e+00	4.707634e+00	-8.540689e-07
1.836171874999997e-08	0.000000e+00	5.000000e+00	4.710933e+00	-8.349216e-07
1.840078124999997e-08	0.000000e+00	5.000000e+00	4.714158e+00	-8.164106e-07
1.843984374999997e-08	0.000000e+00	5.000000e+00	4.717312e+00	-7.985080e-07
1.847890624999997e-08	0.000000e+00	5.000000e+00	4.720397e+00	-7.811875e-07
1.851796874999997e-08	0.000000e+00	5.000000e+00	4.723416e+00	-7.644240e-07
1.855703124999997e-08	0.000000e+00	5.000000e+00	4.726370e+00	-7.481941e-07
1.859609374999997e-08	0.000000e+00	5.000000e+00	4.729262e+00	-7.324753e-07
1.863515624999997e-08	0.000000e+00	5.000000e+00	4.732093e+00	-7.172463e-07
1.867421874999997e-08	0.000000e+00	5.000000e+00	4.734866e+00	-7.024872e-07
1.871328124999996e-08	0.000000e+00	5.000000e+00	4.737582e+00	-6.881787e-07
1.875234374999996e-08	0.000000e+00	5.000000e+00	4.740243e+00	-6.743026e-07
1.879140624999996e-08	0.000000e+00	5.000000e+00	4.742850e+00	-6.608418e-07
1.883046874999996e-08	0.000000e+00	5.000000e+00	4.745406e+00	-6.477799e-07
1.886953124999996e-08	0.000000e+00	5.000000e+00	4.747912e+00	-6.351012e-07
1.890859374999996e-08	0.000000e+00	5.000000e+00	4.750369e+00	-6.227909e-07
1.894765624999996e-08	0.000000e+00	5.000000e+00	4.752778e+00	-6.108349e-07
1.898671874999996e-08	0.000000e+00	5.000000e+00	4.755141e+00	-5.992198e-07
1.902578124999996e-08	0.000000e+00	5.000000e+00	4.757460e+00	-5.879327e-07
1.906484374999996e-08	0.000000e+00	5.000000e+00	4.759735e+00	-5.769613e-07
1.910390624999996e-08	0.000000e+00	5.000000e+00	4.761968e+00	-5.662941e-07
1.914296874999996e-08	0.000000e+00	5.000000e+00	4.764159e+00	-5.559198e-07
1.918203124999996e-08	0.000000e+00	5.000000e+00	4.766311e+00	-5.458279e-07
1.922109374999996e-08	0.000000e+00	5.000000e+00	4.768424e+00	-5.360082e-07
1.926015624999996e-08	0.000000e+00	5.000000e+00	4.770499e+00	-5.264510e-07
1.929921874999996e-08	0.000000e+00	5.000000e+00	4.772537e+00	-5.171470e-07
1.933828124999996e-08	0.000000e+00	5.000000e+00	4.774539e+00	-5.080875e-07
1.937734374999996e-08	0.000000e+00	5.000000e+00	4.776506e+00	-4.992638e-07
1.941640624999996e-08	0.000000e+00	5.000000e+00	4.778440e+00	-4.906679e-07
1.945546874999996e-08	0.000000e+00	5.000000e+00	4.780340e+00	-4.822920e-07
1.949453124999996e-08	0.000000e+00	5.000000e+00	4.782208e+00	-4.741287e-07
1.953359374999996e-08	0.000000e+00	5.000000e+00	4.784044e+00	-4.661708e-07
1.957265624999996e-08	0.000000e+00	5.000000e+00	4.785850e+00	-4.584116e-07
1.961171874999996e-08	0.000000e+00	5.000000e+00	4.787626e+00	-4.508443e-07
1.965078124999996e-08	0.000000e+00	5.000000e+00	4.789372e+00	-4.434629e-07
1.968984374999996e-08	0.000000e+00	5.000000e+00	4.791090e+00	-4.362612e-07
1.972890624999996e-08	0.000000e+00	5.000000e+00	4.792781e+00	-4.292334e-07
1.976796874999995e-08	0.000000e+00	5.000000e+00	4.794444e+00	-4.223741e-07
1.980703124999995e-08	0.000000e+00	5.000000e+00	4.796081e+00	-4.156778e-07
1.984609374999995e-08	0.000000e+00	5.000000e+00	4.797692e+00	-4.091395e-07
1.988515624999995e-08	0.000000e+00	5.000000e+00	4.799277e+00	-4.027542e-07
1.992421874999995e-08	0.000000e+00	5.000000e+00	4.800838e+00	-3.965171e-07
1.996328124999995e-08	0.000000e+00	5.000000e+00	4.802375e+00	-3.904238e-07
2.000000000000000e-08	0.000000e+00	5.000000e+00	4.803798e+00	-3.848232e-07
2.000390625000000e-08	0.000000e+00	4.804688e+00	4.803798e+00	-2.833872e-11
2.001171875000000e-08	0.000000e+00	4.414062e+00	4.803207e+00	-2.043358e-11
2.002734375000000e-08	0.000000e+00	3.632812e+00	4.791535e+00	-2.045693e-11
2.005859375000000e-08	0.000000e+00	2.070312e+00	4.665337e+00	-2.070932e-11
2.009765625000000e-08	0.000000e+00	1.171875e-01	4.207240e+00	-2.162579e-11
2.010000000000000e-08	0.000000e+00	0.000000e+00	4.167295e+00	-2.170541e-11
2.010390625000000e-08	0.000000e+00	0.000000e+00	4.101579e+00	-2.183684e-11
2.011171875000000e-08	0.000000e+00	0.000000e+00	3.974168e+00	-2.209167e-11
2.012734375000000e-08	0.000000e+00	0.000000e+00	3.741420e+00	-2.255717e-11
2.015859375000000e-08	0.000000e+00	0.000000e+00	3.347677e+00	-2.334479e-11
2.019765625000000e-08	0.000000e+00	0.000000e+00	2.957998e+00	-2.412400e-11
2.023671875000000e-08	0.000000e+00	0.000000e+00	2.650070e+00	-2.474010e-11
2.027578125000000e-08	0.000000e+00	0.000000e+00	2.400550e+00	-2.523902e-11
2.031484375000000e-08	0.000000e+00	0.000000e+00	2.194078e+00	-2.565191e-11
2.035390625000000e-08	0.000000e+00	0.000000e+00	2.020386e+00	-2.599927e-11
2.039296875000000e-08	0.000000e+00	0.000000e+00	1.872232e+00	-2.629556e-11
2.043203125000000e-08	0.000000e+00	0.000000e+00	1.744362e+00	-2.655129e-11
2.047109375000000e-08	0.000000e+00	0.000000e+00	1.632870e+00	-2.677427e-11
2.051015625000000e-08	0.000000e+00	0.000000e+00	1.534795e+00	-2.697042e-11
2.054921875000000e-08	0.000000e+00	0.000000e+00	1.447851e+00	-2.714430e-11
2.058828125000000e-08	0.000000e+00	0.000000e+00	1.370241e+00	-2.729952e-11
2.062734375000000e-08	0.000000e+00	0.000000e+00	1.300538e+00	-2.743893e-11
2.066640625000000e-08	0.000000e+00	0.000000e+00	1.237590e+00	-2.756482e-11
2.070546875000000e-08	0.000000e+00	0.000000e+00	1.180460e+00	-2.767908e-11
2.074453125000000e-08	0.000000e+00	0.000000e+00	1.128377e+00	-2.778325e-11
2.078359374999999e-08	0.000000e+00	0.000000e+00	1.080699e+00	-2.787860e-11
2.082265624999999e-08	0.000000e+00	0.000000e+00	1.036891e+00	-2.796622e-11
2.086171874999999e-08	0.000000e+00	0.000000e+00	9.964976e-01	-2.804700e-11
2.090078124999999e-08	0.000000e+00	0.000000e+00	9.591357e-01	-2.812173e-11
2.093984374999999e-08	0.000000e+00	0.000000e+00	9.244760e-01	-2.819105e-11
2.097890624999999e-08	0.000000e+00	0.000000e+00	8.922352e-01	-2.825553e-11
2.101796874999999e-08	0.000000e+00	0.000000e+00	8.621687e-01	-2.831566e-11
2.105703124999999e-08	0.000000e+00	0.000000e+00	8.340635e-01	-2.837187e-11
2.109609374999999e-08	0.000000e+00	0.000000e+00	8.077337e-01	-2.842453e-11
2.113515624999999e-08	0.000000e+00	0.000000e+00	7.830160e-01	-2.847397e-11
2.117421874999999e-08	0.000000e+00	0.000000e+00	7.597669e-01	-2.852047e-11
2.121328124999999e-08	0.000000e+00	0.000000e+00	7.378592e-01	-2.856428e-11
2.125234374999999e-08	0.000000e+00	0.000000e+00	7.171800e-01	-2.860564e-11
2.129140624999999e-08	0.000000e+00	0.000000e+00	6.976286e-01	-2.864474e-11
2.133046874999999e-08	0.000000e+00	0.000000e+00	6.791154e-01	-2.868177e-11
2.136953124999999e-08	0.000000e+00	0.000000e+00	6.615596e-01	-2.871688e-11
2.140859374999999e-08	0.000000e+00	0.000000e+00	6.448889e-01	-2.875022e-11
2.144765624999999e-08	0.000000e+00	0.000000e+00	6.290379e-01	-2.878192e-11
2.148671874999999e-08	0.000000e+00	0.000000e+00	6.139477e-01	-2.881210e-11
2.152578124999999e-08	0.000000e+00	0.000000e+00	5.995648e-01	-2.884087e-11
2.156484374999999e-08	0.000000e+00	0.000000e+00	5.858405e-01	-2.886832e-11
2.160390624999999e-08	0.000000e+00	0.000000e+00	5.727306e-01	-2.889454e-11
2.164296874999999e-08	0.000000e+00	0.000000e+00	5.601947e-01	-2.891961e-11
2.168203124999999e-08	0.000000e+00	0.000000e+00	5.481960e-01	-2.894361e-11
2.172109374999999e-08	0.000000e+00	0.000000e+00	5.367006e-01	-2.896660e-11
2.176015624999999e-08	0.000000e+00	0.000000e+00	5.256775e-01	-2.898864e-11
2.179921874999999e-08	0.000000e+00	0.000000e+00	5.150982e-01	-2.900980e-11
2.183828124999998e-08	0.000000e+00	0.000000e+00	5.049364e-01	-2.903013e-11
2.187734374999998e-08	0.000000e+00	0.000000e+00	4.951678e-01	-2.904966e-11
2.191640624999998e-08	0.000000e+00	0.000000e+00	4.857701e-01	-2.906846e-11
2.195546874999998e-08	0.000000e+00	0.000000e+00	4.767226e-01	-2.908655e-11
2.199453124999998e-08	0.000000e+00	0.000000e+00	4.680059e-01	-2.910399e-11
2.203359374999998e-08	0.000000e+00	0.000000e+00	4.596024e-01	-2.912080e-11
2.207265624999998e-08	0.000000e+00	0.000000e+00	4.514953e-01	-2.913701e-11
2.211171874999998e-08	0.000000e+00	0.000000e+00	4.436694e-01	-2.915266e-11
2.215078124999998e-08	0.000000e+00	0.000000e+00	4.361101e-01	-2.916778e-11
2.218984374999998e-08	0.000000e+00	0.000000e+00	4.288042e-01	-2.918239e-11
2.222890624999998e-08	0.000000e+00	0.000000e+00	4.217391e-01	-2.919652e-11
2.226796874999998e-08	0.000000e+00	0.000000e+00	4.149030e-01	-2.921019e-11
2.230703124999998e-08	0.000000e+00	0.000000e+00	4.082851e-01	-2.922343e-11
2.234609374999998e-08	0.000000e+00	0.000000e+00	4.018749e-01	-2.923625e-11
2.238515624999998e-08	0.000000e+00	0.000000e+00	3.956630e-01	-2.924867e-11
2.242421874999998e-08	0.000000e+00	0.000000e+00	3.896402e-01	-2.926072e-11
2.246328124999998e-08	0.000000e+00	0.000000e+00	3.837980e-01	-2.927240e-11
2.250234374999998e-08	0.000000e+00	0.000000e+00	3.781285e-01	-2.928374e-11
2.254140624999998e-08	0.000000e+00	0.000000e+00	3.726240e-01	-2.929475e-11
2.258046874999998e-08	0.000000e+00	0.000000e+00	3.672776e-01	-2.930544e-11
2.261953124999998e-08	0.000000e+00	0.000000e+00	3.620824e-01	-2.931583e-11
2.265859374999998e-08	0.000000e+00	0.000000e+00	3.570321e-01	-2.932593e-11
2.269765624999998e-08	0.000000e+00	0.000000e+00	3.521208e-01	-2.933576e-11
2.273671874999998e-08	0.000000e+00	0.000000e+00	3.473428e-01	-2.934531e-11
2.277578124999998e-08	0.000000e+00	0.000000e+00	3.426927e-01	-2.935461e-11
2.281484374999998e-08	0.000000e+00	0.000000e+00	3.381655e-01	-2.936367e-11
2.285390624999997e-08	0.000000e+00	0.000000e+00	3.337564e-01	-2.937249e-11
2.289296874999997e-08	0.000000e+00	0.000000e+00	3.294607e-01	-2.938108e-11
2.293203124999997e-08	0.000000e+00	0.000000e+00	3.252743e-01	-2.938945e-11
2.297109374999997e-08	0.000000e+00	0.000000e+00	3.211929e-01	-2.939761e-11
2.301015624999997e-08	0.000000e+00	0.000000e+00	3.172127e-01	-2.940558e-11
2.304921874999997e-08	0.000000e+00	0.000000e+00	3.133299e-01	-2.941334e-11
2.308828124999997e-08	0.000000e+00	0.000000e+00	3.095411e-01	-2.942092e-11
2.312734374999997e-08	0.000000e+00	0.000000e+00	3.058428e-01	-2.942831e-11
2.316640624999997e-08	0.000000e+00	0.000000e+00	3.022318e-01	-2.943554e-11
2.320546874999997e-08	0.000000e+00	0.000000e+00	2.987051e-01	-2.944259e-11
2.324453124999997e-08	0.000000e+00	0.000000e+00	2.952597e-01	-2.944948e-11
2.328359374999997e-08	0.000000e+00	0.000000e+00	2.918930e-01	-2.945621e-11
2.332265624999997e-08	0.000000e+00	0.000000e+00	2.886021e-01	-2.946279e-11
2.336171874999997e-08	0.000000e+00	0.000000e+00	2.853847e-01	-2.946923e-11
2.340078124999997e-08	0.000000e+00	0.000000e+00	2.822382e-01	-2.947552e-11
2.343984374999997e-08	0.000000e+00	0.000000e+00	2.791603e-01	-2.948168e-11
2.347890624999997e-08	0.000000e+00	0.000000e+00	2.761489e-01	-2.948770e-11
2.351796874999997e-08	0.000000e+00	0.000000e+00	2.732017e-01	-2.949360e-11
2.355703124999997e-08	0.000000e+00	0.000000e+00	2.703167e-01	-2.949936e-11
2.359609374999997e-08	0.000000e+00	0.000000e+00	2.674921e-01	-2.950502e-11
2.363515624999997e-08	0.000000e+00	0.000000e+00	2.647259e-01	-2.951055e-11
2.367421874999997e-08	0.000000e+00	0.000000e+00	2.620163e-01	-2.951597e-11
2.371328124999997e-08	0.000000e+00	0.000000e+00	2.593617e-01	-2.952128e-11
2.375234374999997e-08	0.000000e+00	0.000000e+00	2.567602e-01	-2.952648e-11
2.379140624999997e-08	0.000000e+00	0.000000e+00	2.542105e-01	-2.953158e-11
2.383046874999997e-08	0.000000e+00	0.000000e+00	2.517109e-01	-2.953658e-11
2.386953124999997e-08	0.000000e+00	0.000000e+00	2.492600e-01	-2.954148e-11
2.390859374999996e-08	0.000000e+00	0.000000e+00	2.468563e-01	-2.954629e-11
2.394765624999996e-08	0.000000e+00	0.000000e+00	2.444986e-01	-2.955100e-11
2.398671874999996e-08	0.000000e+00	0.000000e+00	2.421855e-01	-2.955563e-11
2.402578124999996e-08	0.000000e+00	0.000000e+00	2.399157e-01	-2.956017e-11
2.406484374999996e-08	0.000000e+00	0.000000e+00	2.376881e-01	-2.956462e-11
2.410390624999996e-08	0.000000e+00	0.000000e+00	2.355015e-01	-2.956900e-11
2.414296874999996e-08	0.000000e+00	0.000000e+00	2.333547e-01	-2.957329e-11
2.418203124999996e-08	0.000000e+00	0.000000e+00	2.312468e-01	-2.957751e-11
2.422109374999996e-08	0.000000e+00	0.000000e+00	2.291766e-01	-2.958165e-11
2.426015624999996e-08	0.000000e+00	0.000000e+00	2.271431e-01	-2.958571e-11
2.429921874999996e-08	0.000000e+00	0.000000e+00	2.251454e-01	-2.958971e-11
2.433828124999996e-08	0.000000e+00	0.000000e+00	2.231825e-01	-2.959363e-11
2.437734374999996e-08	0.000000e+00	0.000000e+00	2.212536e-01	-2.959749e-11
2.441640624999996e-08	0.000000e+00	0.000000e+00	2.193577e-01	-2.960128e-11
2.445546874999996e-08	0.000000e+00	0.000000e+00	2.174940e-01	-2.960501e-11
2.449453124999996e-08	0.000000e+00	0.000000e+00	2.156618e-01	-2.960868e-11
2.453359374999996e-08	0.000000e+00	0.000000e+00	2.138601e-01	-2.961228e-11
2.457265624999996e-08	0.000000e+00	0.000000e+00	2.120883e-01	-2.961582e-11
2.461171874999996e-08	0.000000e+00	0.000000e+00	2.103456e-01	-2.961931e-11
2.465078124999996e-08	0.000000e+00	0.000000e+00	2.086314e-01	-2.962274e-11
2.468984374999996e-08	0.000000e+00	0.000000e+00	2.069448e-01	-2.962611e-11
2.472890624999996e-08	0.000000e+00	0.000000e+00	2.052853e-01	-2.962943e-11
2.476796874999996e-08	0.000000e+00	0.000000e+00	2.036522e-01	-2.963270e-11
2.480703124999996e-08	0.000000e+00	0.000000e+00	2.020449e-01	-2.963591e-11
2.484609374999996e-08	0.000000e+00	0.000000e+00	2.004628e-01	-2.963907e-11
2.488515624999996e-08	0.000000e+00	0.000000e+00	1.989052e-01	-2.964219e-11
2.492421874999996e-08	0.000000e+00	0.000000e+00	1.973717e-01	-2.964526e-11
2.496328124999995e-08	0.000000e+00	0.000000e+00	1.958616e-01	-2.964828e-11
2.500000000000000e-08	0.000000e+00	0.000000e+00	1.944631e-01	-2.965107e-11
2.500390625000000e-08	1.953125e-01	0.000000e+00	1.944644e-01	-3.814992e-07
2.501171875000000e-08	5.859375e-01	0.000000e+00	1.956572e-01	-3.433257e-06
2.502734375000000e-08	1.367188e+00	0.000000e+00	2.122930e-01	-1.869204e-05
2.505859375000000e-08	2.929688e+00	0.000000e+00	3.727379e-01	-4.286195e-05
2.508820350714996e-08	4.410175e+00	0.000000e+00	7.767692e-01	-3.478946e-06
2.510000000000000e-08	5.000000e+00	0.000000e+00	1.029138e+00	-1.399086e-11
2.510341916830762e-08	5.000000e+00	0.000000e+00	1.110402e+00	-1.390960e-11
2.511025750492286e-08	5.000000e+00	0.000000e+00	1.271616e+00	-1.374838e-11
2.512393417815334e-08	5.000000e+00	0.000000e+00	1.585290e+00	-1.343471e-11
2.515128752461429e-08	5.000000e+00	0.000000e+00	2.170354e+00	-1.284967e-11
2.519035002461429e-08	5.000000e+00	0.000000e+00	2.891867e+00	-1.212836e-11
2.522941252461429e-08	5.000000e+00	0.000000e+00	3.470151e+00	-1.154985e-11
2.526847502461429e-08	5.000000e+00	0.000000e+00	3.912536e+00	-1.110746e-11
2.530753752461428e-08	5.000000e+00	0.000000e+00	4.239134e+00	-1.078087e-11
2.534660002461428e-08	5.000000e+00	0.000000e+00	4.473799e+00	-1.054620e-11
2.538566252461428e-08	5.000000e+00	0.000000e+00	4.639108e+00	-1.038089e-11
2.542472502461428e-08	5.000000e+00	0.000000e+00	4.753971e+00	-1.026607e-11
2.546378752461428e-08	5.000000e+00	0.000000e+00	4.832990e+00	-1.018702e-11
2.550285002461428e-08	5.000000e+00	0.000000e+00	4.886935e+00	-1.013295e-11
2.554191252461428e-08	5.000000e+00	0.000000e+00	4.923595e+00	-1.009589e-11
2.558097502461428e-08	5.000000e+00	0.000000e+00	4.948432e+00	-1.007021e-11
2.562003752461428e-08	5.000000e+00	0.000000e+00	4.965225e+00	-1.005217e-11
2.565910002461428e-08	5.000000e+00	0.000000e+00	4.976562e+00	-1.003940e-11
2.569816252461428e-08	5.000000e+00	0.000000e+00	4.984209e+00	-1.003036e-11
2.573722502461428e-08	5.000000e+00	0.000000e+00	4.989364e+00	-1.002401e-11
2.577628752461428e-08	5.000000e+00	0.000000e+00	4.992837e+00	-1.001958e-11
2.581535002461428e-08	5.000000e+00	0.000000e+00	4.995177e+00	-1.001652e-11
2.585441252461428e-08	5.000000e+00	0.000000e+00	4.996752e+00	-1.001443e-11
2.589347502461428e-08	5.000000e+00	0.000000e+00	4.997813e+00	-1.001300e-11
2.593253752461428e-08	5.000000e+00	0.000000e+00	4.998528e+00	-1.001203e-11
2.597160002461428e-08	5.000000e+00	0.000000e+00	4.999009e+00	-1.001137e-11
2.601066252461428e-08	5.000000e+00	0.000000e+00	4.999333e+00	-1.001092e-11
2.604972502461428e-08	5.000000e+00	0.000000e+00	4.999551e+00	-1.001062e-11
2.608878752461428e-08	5.000000e+00	0.000000e+00	4.999698e+00	-1.001042e-11
2.612785002461428e-08	5.000000e+00	0.000000e+00	4.999796e+00	-1.001028e-11
2.616691252461428e-08	5.000000e+00	0.000000e+00	4.999863e+00	-1.001019e-11
2.620597502461428e-08	5.000000e+00	0.000000e+00	4.999907e+00	-1.001013e-11
2.624503752461428e-08	5.000000e+00	0.000000e+00	4.999938e+00	-1.001009e-11
2.628410002461428e-08	5.000000e+00	0.000000e+00	4.999958e+00	-1.001006e-11
2.632316252461428e-08	5.000000e+00	0.000000e+00	4.999972e+00	-1.001004e-11
2.636222502461427e-08	5.000000e+00	0.000000e+00	4.999981e+00	-1.001003e-11
2.640128752461427e-08	5.000000e+00	0.000000e+00	4.999987e+00	-1.001002e-11
2.644035002461427e-08	5.000000e+00	0.000000e+00	4.999991e+00	-1.001001e-11
2.647941252461427e-08	5.000000e+00	0.000000e+00	4.999994e+00	-1.001001e-11
2.651847502461427e-08	5.000000e+00	0.000000e+00	4.999996e+00	-1.001000e-11
2.655753752461427e-08	5.000000e+00	0.000000e+00	4.999997e+00	-1.001000e-11
2.659660002461427e-08	5.000000e+00	0.000000e+00	4.999998e+00	-1.001000e-11
2.663566252461427e-08	5.000000e+00	0.000000e+00	4.999999e+00	-1.001000e-11
2.667472502461427e-08	5.000000e+00	0.000000e+00	4.999999e+00	-1.001000e-11
2.671378752461427e-08	5.000000e+00	0.000000e+00	5.000000e+00	-1.001000e-11
2.675285002461427e-08	5.000000e+00	0.000000e+00	5.000000e+00	-1.001000e-11
2.679191252461427e-08	5.000000e+00	0.000000e+00	5.000000e+00	-1.001000e-11
2.683097502461427e-08	5.000000e+00	0.000000e+00	5.000000e+00	-1.001000e-11
2.687003752461427e-08	5.000000e+00	0.000000e+00	5.000000e+00	-1.001000e-11
2.690910002461427e-08	5.000000e+00	0.000000e+00	5.000000e+00	-1.001000e-11
2.694816252461427e-08	5.000000e+00	0.000000e+00	5.000000e+00	-1.001000e-11
2.698722502461427e-08	5.000000e+00	0.000000e+00	5.000000e+00	-1.001000e-11
2.702628752461427e-08	5.000000e+00	0.000000e+00	5.000000e+00	-1.001000e-11
2.706535002461427e-08	5.000000e+00	0.000000e+00	5.000000e+00	-1.001000e-11
2.710441252461427e-08	5.000000e+00	0.000000e+00	5.000000e+00	-1.001000e-11
2.714347502461427e-08	5.000000e+00	0.000000e+00	5.000000e+00	-1.001000e-11
2.718253752461427e-08	5.000000e+00	0.000000e+00	5.000000e+00	-1.001000e-11
2.722160002461427e-08	5.000000e+00	0.000000e+00	5.000000e+00	-1.001000e-11
2.726066252461427e-08	5.000000e+00	0.000000e+00	5.000000e+00	-1.001000e-11
2.729972502461427e-08	5.000000e+00	0.000000e+00	5.000000e+00	-1.001000e-11
2.733878752461427e-08	5.000000e+00	0.000000e+00	5.000000e+00	-1.001000e-11
2.737785002461427e-08	5.000000e+00	0.000000e+00	5.000000e+00	-1.001000e-11
2.741691252461426e-08	5.000000e+00	0.000000e+00	5.000000e+00	-1.001000e-11
2.745597502461426e-08	5.000000e+00	0.000000e+00	5.000000e+00	-1.001000e-11
2.749503752461426e-08	5.000000e+00	0.000000e+00	5.000000e+00	-1.001000e-11
2.753410002461426e-08	5.000000e+00	0.000000e+00	5.000000e+00	-1.001000e-11
2.757316252461426e-08	5.000000e+00	0.000000e+00	5.000000e+00	-1.001000e-11
2.761222502461426e-08	5.000000e+00	0.000000e+00	5.000000e+00	-1.001000e-11
2.765128752461426e-08	5.000000e+00	0.000000e+00	5.000000e+00	-1.001000e-11
2.769035002461426e-08	5.000000e+00	0.000000e+00	5.000000e+00	-1.001000e-11
2.772941252461426e-08	5.000000e+00	0.000000e+00	5.000000e+00	-1.001000e-11
2.776847502461426e-08	5.000000e+00	0.000000e+00	5.000000e+00	-1.001000e-11
2.780753752461426e-08	5.000000e+00	0.000000e+00	5.000000e+00	-1.001000e-11
2.784660002461426e-08	5.000000e+00	0.000000e+00	5.000000e+00	-1.001000e-11
2.788566252461426e-08	5.000000e+00	0.000000e+00	5.000000e+00	-1.001000e-11
2.792472502461426e-08	5.000000e+00	0.000000e+00	5.000000e+00	-1.001000e-11
2.796378752461426e-08	5.000000e+00	0.000000e+00	5.000000e+00	-1.001000e-11
2.800285002461426e-08	5.000000e+00	0.000000e+00	5.000000e+00	-1.001000e-11
2.804191252461426e-08	5.000000e+00	0.000000e+00	5.000000e+00	-1.001000e-11
2.808097502461426e-08	5.000000e+00	0.000000e+00	5.000000e+00	-1.001000e-11
2.812003752461426e-08	5.000000e+00	0.000000e+00	5.000000e+00	-1.001000e-11
2.815910002461426e-08	5.000000e+00	0.000000e+00	5.000000e+00	-1.001000e-11
2.819816252461426e-08	5.000000e+00	0.000000e+00	5.000000e+00	-1.001000e-11
2.823722502461426e-08	5.000000e+00	0.000000e+00	5.000000e+00	-1.001000e-11
2.827628752461426e-08	5.000000e+00	0.000000e+00	5.000000e+00	-1.001000e-11
2.831535002461426e-08	5.000000e+00	0.000000e+00	5.000000e+00	-1.001000e-11
2.835441252461426e-08	5.000000e+00	0.000000e+00	5.000000e+00	-1.001000e-11
2.839347502461426e-08	5.000000e+00	0.000000e+00	5.000000e+00	-1.001000e-11
2.843253752461426e-08	5.000000e+00	0.000000e+00	5.000000e+00	-1.001000e-11
2.847160002461425e-08	5.000000e+00	0.000000e+00	5.000000e+00	-1.001000e-11
2.851066252461425e-08	5.000000e+00	0.000000e+00	5.000000e+00	-1.001000e-11
2.854972502461425e-08	5.000000e+00	0.000000e+00	5.000000e+00	-1.001000e-11
2.858878752461425e-08	5.000000e+00	0.000000e+00	5.000000e+00	-1.001000e-11
2.862785002461425e-08	5.000000e+00	0.000000e+00	5.000000e+00	-1.001000e-11
2.866691252461425e-08	5.000000e+00	0.000000e+00	5.000000e+00	-1.001000e-11
2.870597502461425e-08	5.000000e+00	0.000000e+00	5.000000e+00	-1.001000e-11
2.874503752461425e-08	5.000000e+00	0.000000e+00	5.000000e+00	-1.001000e-11
2.878410002461425e-08	5.000000e+00	0.000000e+00	5.000000e+00	-1.001000e-11
2.882316252461425e-08	5.000000e+00	0.000000e+00	5.000000e+00	-1.001000e-11
2.886222502461425e-08	5.000000e+00	0.000000e+00	5.000000e+00	-1.001000e-11
2.890128752461425e-08	5.000000e+00	0.000000e+00	5.000000e+00	-1.001000e-11
2.894035002461425e-08	5.000000e+00	0.000000e+00	5.000000e+00	-1.001000e-11
2.897941252461425e-08	5.000000e+00	0.000000e+00	5.000000e+00	-1.001000e-11
2.901847502461425e-08	5.000000e+00	0.000000e+00	5.000000e+00	-1.001000e-11
2.905753752461425e-08	5.000000e+00	0.000000e+00	5.000000e+00	-1.001000e-11
2.909660002461425e-08	5.000000e+00	0.000000e+00	5.000000e+00	-1.001000e-11
2.913566252461425e-08	5.000000e+00	0.000000e+00	5.000000e+00	-1.001000e-11
2.917472502461425e-08	5.000000e+00	0.000000e+00	5.000000e+00	-1.001000e-11
2.921378752461425e-08	5.000000e+00	0.000000e+00	5.000000e+00	-1.001000e-11
2.925285002461425e-08	5.000000e+00	0.000000e+00	5.000000e+00	-1.001000e-11
2.929191252461425e-08	5.000000e+00	0.000000e+00	5.000000e+00	-1.001000e-11
2.933097502461425e-08	5.000000e+00	0.000000e+00	5.000000e+00	-1.001000e-11
2.937003752461425e-08	5.000000e+00	0.000000e+00	5.000000e+00	-1.001000e-11
2.940910002461425e-08	5.000000e+00	0.000000e+00	5.000000e+00	-1.001000e-11
2.944816252461425e-08	5.000000e+00	0.000000e+00	5.000000e+00	-1.001000e-11
2.948722502461424e-08	5.000000e+00	0.000000e+00	5.000000e+00	-1.001000e-11
2.952628752461424e-08	5.000000e+00	0.000000e+00	5.000000e+00	-1.001000e-11
2.956535002461424e-08	5.000000e+00	0.000000e+00	5.000000e+00	-1.001000e-11
2.960441252461424e-08	5.000000e+00	0.000000e+00	5.000000e+00	-1.001000e-11
2.964347502461424e-08	5.000000e+00	0.000000e+00	5.000000e+00	-1.001000e-11
2.968253752461424e-08	5.000000e+00	0.000000e+00	5.000000e+00	-1.001000e-11
2.972160002461424e-08	5.000000e+00	0.000000e+00	5.000000e+00	-1.001000e-11
2.976066252461424e-08	5.000000e+00	0.000000e+00	5.000000e+00	-1.001000e-11
2.979972502461424e-08	5.000000e+00	0.000000e+00	5.000000e+00	-1.001000e-11
2.983878752461424e-08	5.000000e+00	0.000000e+00	5.000000e+00	-1.001000e-11
2.987785002461424e-08	5.000000e+00	0.000000e+00	5.000000e+00	-1.001000e-11
2.991691252461424e-08	5.000000e+00	0.000000e+00	5.000000e+00	-1.001000e-11
2.995597502461424e-08	5.000000e+00	0.000000e+00	5.000000e+00	-1.001000e-11
2.999503752461424e-08	5.000000e+00	0.000000e+00	5.000000e+00	-1.001000e-11
3.000000000000000e-08	5.000000e+00	0.000000e+00	5.000000e+00	-1.001000e-11
3.000390625000001e-08	5.000000e+00	1.953125e-01	4.999862e+00	-1.000284e-11
3.001171875000000e-08	5.000000e+00	5.859375e-01	4.998569e+00	-9.950165e-12
3.002734375000000e-08	5.000000e+00	1.367188e+00	4.985514e+00	-9.728107e-12
3.005859375000001e-08	5.000000e+00	2.929688e+00	4.885280e+00	-8.966113e-12
3.009765625000001e-08	5.000000e+00	4.882812e+00	4.552162e+00	-7.670569e-12
3.010000000000000e-08	5.000000e+00	5.000000e+00	4.523564e+00	-7.599532e-12
3.010390625000001e-08	5.000000e+00	5.000000e+00	4.475210e+00	-7.654626e-12
3.011171875000000e-08	5.000000e+00	5.000000e+00	4.378781e+00	-7.766655e-12
3.012734375000001e-08	5.000000e+00	5.000000e+00	4.187554e+00	-7.996253e-12
3.015859375000001e-08	5.000000e+00	5.000000e+00	3.813091e+00	-8.474474e-12
3.019765625000001e-08	5.000000e+00	5.000000e+00	3.364679e+00	-9.094977e-12
3.023671875000001e-08	5.000000e+00	5.000000e+00	2.943791e+00	-9.721849e-12
3.027578125000001e-08	5.000000e+00	5.000000e+00	2.555153e+00	-1.033595e-11
3.031484375000001e-08	5.000000e+00	5.000000e+00	2.201692e+00	-1.092144e-11
3.035390625000001e-08	5.000000e+00	5.000000e+00	1.884636e+00	-1.146667e-11
3.039296875000001e-08	5.000000e+00	5.000000e+00	1.603751e+00	-1.196427e-11
3.043203125000000e-08	5.000000e+00	5.000000e+00	1.357645e+00	-1.241068e-11
3.047109375000000e-08	5.000000e+00	5.000000e+00	1.144095e+00	-1.280539e-11
3.051015625000000e-08	5.000000e+00	5.000000e+00	9.603527e-01	-1.315015e-11
3.054921875000000e-08	5.000000e+00	5.000000e+00	8.034050e-01	-1.344820e-11
3.058828125000000e-08	5.000000e+00	5.000000e+00	6.701775e-01	-1.370367e-11
3.062734375000000e-08	5.000000e+00	5.000000e+00	5.576829e-01	-1.392108e-11
3.066640625000000e-08	5.000000e+00	5.000000e+00	4.631196e-01	-1.410499e-11
3.070546875000000e-08	5.000000e+00	5.000000e+00	3.839287e-01	-1.425980e-11
3.074453125000000e-08	5.000000e+00	5.000000e+00	3.178204e-01	-1.438957e-11
3.078359375000000e-08	5.000000e+00	5.000000e+00	2.627792e-01	-1.449798e-11
3.082265625000000e-08	5.000000e+00	5.000000e+00	2.170530e-01	-1.458830e-11
3.086171875000000e-08	5.000000e+00	5.000000e+00	1.791349e-01	-1.466336e-11
3.090078125000000e-08	5.000000e+00	5.000000e+00	1.477391e-01	-1.472563e-11
3.093984375000000e-08	5.000000e+00	5.000000e+00	1.217766e-01	-1.477720e-11
3.097890625000000e-08	5.000000e+00	5.000000e+00	1.003292e-01	-1.481985e-11
3.101796875000000e-08	5.000000e+00	5.000000e+00	8.262710e-02	-1.485509e-11
3.105703125000000e-08	5.000000e+00	5.000000e+00	6.802653e-02	-1.488418e-11
3.109609375000000e-08	5.000000e+00	5.000000e+00	5.599113e-02	-1.490818e-11
3.113515625000000e-08	5.000000e+00	5.000000e+00	4.607503e-02	-1.492796e-11
3.117421875000000e-08	5.000000e+00	5.000000e+00	3.790829e-02	-1.494426e-11
3.121328125000000e-08	5.000000e+00	5.000000e+00	3.118448e-02	-1.495768e-11
3.125234375000000e-08	5.000000e+00	5.000000e+00	2.565017e-02	-1.496873e-11
3.129140625000000e-08	5.000000e+00	5.000000e+00	2.109593e-02	-1.497783e-11
3.133046875000000e-08	5.000000e+00	5.000000e+00	1.734888e-02	-1.498532e-11
3.136953125000000e-08	5.000000e+00	5.000000e+00	1.426642e-02	-1.499148e-11
3.140859375000000e-08	5.000000e+00	5.000000e+00	1.173099e-02	-1.499654e-11
3.144765625000000e-08	5.000000e+00	5.000000e+00	9.645729e-03	-1.500071e-11
3.148671874999999e-08	5.000000e+00	5.000000e+00	7.930845e-03	-1.500414e-11
3.152578124999999e-08	5.000000e+00	5.000000e+00	6.520652e-03	-1.500696e-11
3.156484374999999e-08	5.000000e+00	5.000000e+00	5.361080e-03	-1.500928e-11
3.160390624999999e-08	5.000000e+00	5.000000e+00	4.407632e-03	-1.501119e-11
3.164296874999999e-08	5.000000e+00	5.000000e+00	3.623698e-03	-1.501275e-11
3.168203124999999e-08	5.000000e+00	5.000000e+00	2.979161e-03	-1.501404e-11
3.172109374999999e-08	5.000000e+00	5.000000e+00	2.449246e-03	-1.501510e-11
3.176015624999999e-08	5.000000e+00	5.000000e+00	2.013580e-03	-1.501597e-11
3.179921874999999e-08	5.000000e+00	5.000000e+00	1.655406e-03	-1.501669e-11
3.183828124999999e-08	5.000000e+00	5.000000e+00	1.360944e-03	-1.501728e-11
3.187734374999999e-08	5.000000e+00	5.000000e+00	1.118864e-03	-1.501776e-11
3.191640624999999e-08	5.000000e+00	5.000000e+00	9.198497e-04	-1.501816e-11
3.195546874999999e-08	5.000000e+00	5.000000e+00	7.562414e-04	-1.501849e-11
3.199453124999999e-08	5.000000e+00	5.000000e+00	6.217408e-04	-1.501876e-11
3.203359374999999e-08	5.000000e+00	5.000000e+00	5.111699e-04	-1.501898e-11
3.207265624999999e-08	5.000000e+00	5.000000e+00	4.202717e-04	-1.501916e-11
3.211171874999999e-08	5.000000e+00	5.000000e+00	3.455463e-04	-1.501931e-11
3.215078124999999e-08	5.000000e+00	5.000000e+00	2.841164e-04	-1.501943e-11
3.218984374999999e-08	5.000000e+00	5.000000e+00	2.336165e-04	-1.501953e-11
3.222890624999999e-08	5.000000e+00	5.000000e+00	1.921020e-04	-1.501962e-11
3.226796874999999e-08	5.000000e+00	5.000000e+00	1.579741e-04	-1.501968e-11
3.230703124999999e-08	5.000000e+00	5.000000e+00	1.299187e-04	-1.501974e-11
3.234609374999999e-08	5.000000e+00	5.000000e+00	1.068551e-04	-1.501979e-11
3.238515624999999e-08	5.000000e+00	5.000000e+00	8.789537e-05	-1.501982e-11
3.242421874999999e-08	5.000000e+00	5.000000e+00	7.230917e-05	-1.501986e-11
3.246328124999999e-08	5.000000e+00	5.000000e+00	5.949628e-05	-1.501988e-11
3.250234374999999e-08	5.000000e+00	5.000000e+00	4.896324e-05	-1.501990e-11
3.254140624999998e-08	5.000000e+00	5.000000e+00	4.030439e-05	-1.501992e-11
3.258046874999998e-08	5.000000e+00	5.000000e+00	3.318625e-05	-1.501993e-11
3.261953124999998e-08	5.000000e+00	5.000000e+00	2.733467e-05	-1.501995e-11
3.265859374999998e-08	5.000000e+00	5.000000e+00	2.252430e-05	-1.501995e-11
3.269765624999998e-08	5.000000e+00	5.000000e+00	1.856986e-05	-1.501996e-11
3.273671874999998e-08	5.000000e+00	5.000000e+00	1.531905e-05	-1.501997e-11
3.277578124999998e-08	5.000000e+00	5.000000e+00	1.264668e-05	-1.501997e-11
3.281484374999998e-08	5.000000e+00	5.000000e+00	1.044982e-05	-1.501998e-11
3.285390624999998e-08	5.000000e+00	5.000000e+00	8.643854e-06	-1.501998e-11
3.289296874999998e-08	5.000000e+00	5.000000e+00	7.159237e-06	-1.501999e-11
3.293203124999998e-08	5.000000e+00	5.000000e+00	5.938786e-06	-1.501999e-11
3.297109374999998e-08	5.000000e+00	5.000000e+00	4.935497e-06	-1.501999e-11
3.301015624999998e-08	5.000000e+00	5.000000e+00	4.110729e-06	-1.501999e-11
3.304921874999998e-08	5.000000e+00	5.000000e+00	3.432717e-06	-1.501999e-11
3.308828124999998e-08	5.000000e+00	5.000000e+00	2.875347e-06	-1.501999e-11
3.312734374999998e-08	5.000000e+00	5.000000e+00	2.417154e-06	-1.502000e-11
3.316640624999998e-08	5.000000e+00	5.000000e+00	2.040490e-06	-1.502000e-11
3.320546874999998e-08	5.000000e+00	5.000000e+00	1.730847e-06	-1.502000e-11
3.324453124999998e-08	5.000000e+00	5.000000e+00	1.476302e-06	-1.502000e-11
3.328359374999998e-08	5.000000e+00	5.000000e+00	1.267049e-06	-1.502000e-11
3.332265624999998e-08	5.000000e+00	5.000000e+00	1.095029e-06	-1.502000e-11
3.336171874999998e-08	5.000000e+00	5.000000e+00	9.536184e-07	-1.502000e-11
3.340078124999998e-08	5.000000e+00	5.000000e+00	8.373696e-07	-1.502000e-11
3.343984374999998e-08	5.000000e+00	5.000000e+00	7.418056e-07	-1.502000e-11
3.347890624999998e-08	5.000000e+00	5.000000e+00	6.632459e-07	-1.502000e-11
3.351796874999998e-08	5.000000e+00	5.000000e+00	5.986648e-07	-1.502000e-11
3.355703124999998e-08	5.000000e+00	5.000000e+00	5.455749e-07	-1.502000e-11
3.359609374999997e-08	5.000000e+00	5.000000e+00	5.019317e-07	-1.502000e-11
3.363515624999997e-08	5.000000e+00	5.000000e+00	4.660542e-07	-1.502000e-11
3.367421874999997e-08	5.000000e+00	5.000000e+00	4.365606e-07	-1.502000e-11
3.371328124999997e-08	5.000000e+00	5.000000e+00	4.123149e-07	-1.502000e-11
3.375234374999997e-08	5.000000e+00	5.000000e+00	3.923834e-07	-1.502000e-11
3.379140624999997e-08	5.000000e+00	5.000000e+00	3.759985e-07	-1.502000e-11
3.383046874999997e-08	5.000000e+00	5.000000e+00	3.625290e-07	-1.502000e-11
3.386953124999997e-08	5.000000e+00	5.000000e+00	3.514562e-07	-1.502000e-11
3.390859374999997e-08	5.000000e+00	5.000000e+00	3.423537e-07	-1.502000e-11
3.394765624999997e-08	5.000000e+00	5.000000e+00	3.348708e-07	-1.502000e-11
3.398671874999997e-08	5.000000e+00	5.000000e+00	3.287194e-07	-1.502000e-11
3.402578124999997e-08	5.000000e+00	5.000000e+00	3.236626e-07	-1.502000e-11
3.406484374999997e-08	5.000000e+00	5.000000e+00	3.195055e-07	-1.502000e-11
3.410390624999997e-08	5.000000e+00	5.000000e+00	3.160882e-07	-1.502000e-11
3.414296874999997e-08	5.000000e+00	5.000000e+00	3.132789e-07	-1.502000e-11
3.418203124999997e-08	5.000000e+00	5.000000e+00	3.109695e-07	-1.502000e-11
3.422109374999997e-08	5.000000e+00	5.000000e+00	3.090710e-07	-1.502000e-11
3.426015624999997e-08	5.000000e+00	5.000000e+00	3.075103e-07	-1.502000e-11
3.429921874999997e-08	5.000000e+00	5.000000e+00	3.062273e-07	-1.502000e-11
3.433828124999997e-08	5.000000e+00	5.000000e+00	3.051726e-07	-1.502000e-11
3.437734374999997e-08	5.000000e+00	5.000000e+00	3.043056e-07	-1.502000e-11
3.441640624999997e-08	5.000000e+00	5.000000e+00	3.035929e-07	-1.502000e-11
3.445546874999997e-08	5.000000e+00	5.000000e+00	3.030069e-07	-1.502000e-11
3.449453124999997e-08	5.000000e+00	5.000000e+00	3.025253e-07	-1.502000e-11
3.453359374999997e-08	5.000000e+00	5.000000e+00	3.021293e-07	-1.502000e-11
3.457265624999997e-08	5.000000e+00	5.000000e+00	3.018038e-07	-1.502000e-11
3.461171874999996e-08	5.000000e+00	5.000000e+00	3.015362e-07	-1.502000e-11
3.465078124999996e-08	5.000000e+00	5.000000e+00	3.013162e-07	-1.502000e-11
3.468984374999996e-08	5.000000e+00	5.000000e+00	3.011354e-07	-1.502000e-11
3.472890624999996e-08	5.000000e+00	5.000000e+00	3.009868e-07	-1.502000e-11
3.476796874999996e-08	5.000000e+00	5.000000e+00	3.008646e-07	-1.502000e-11
3.480703124999996e-08	5.000000e+00	5.000000e+00	3.007641e-07	-1.502000e-11
3.484609374999996e-08	5.000000e+00	5.000000e+00	3.006815e-07	-1.502000e-11
3.488515624999996e-08	5.000000e+00	5.000000e+00	3.006136e-07	-1.502000e-11
3.492421874999996e-08	5.000000e+00	5.000000e+00	3.005578e-07	-1.502000e-11
3.496328124999996e-08	5.000000e+00	5.000000e+00	3.005119e-07	-1.502000e-11
3.500000000000000e-08	5.000000e+00	5.000000e+00	3.004763e-07	-1.502000e-11
3.500390625000000e-08	4.804688e+00	5.000000e+00	7.486324e-05	-3.814849e-07
3.501171875000000e-08	4.414062e+00	5.000000e+00	8.462659e-04	-3.433243e-06
3.502734375000000e-08	3.632812e+00	5.000000e+00	1.037378e-02	-1.869203e-05
3.505859375000001e-08	2.070312e+00	5.000000e+00	1.199485e-01	-8.583070e-05
3.509100102631108e-08	4.499487e-01	5.000000e+00	4.655185e-01	-1.555767e-04
3.510000000000000e-08	0.000000e+00	5.000000e+00	6.047389e-01	-1.558635e-04
3.510340524323459e-08	0.000000e+00	5.000000e+00	6.568555e-01	-1.530481e-04
3.511021572970376e-08	0.000000e+00	5.000000e+00	7.591996e-01	-1.475001e-04
3.512383670264211e-08	0.000000e+00	5.000000e+00	9.529325e-01	-1.369613e-04
3.515107864851881e-08	0.000000e+00	5.000000e+00	1.300422e+00	-1.181368e-04
3.519014114851880e-08	0.000000e+00	5.000000e+00	1.718890e+00	-9.607031e-05
3.522920364851880e-08	0.000000e+00	5.000000e+00	2.060778e+00	-7.892833e-05
3.526826614851880e-08	0.000000e+00	5.000000e+00	2.343102e+00	-6.560794e-05
3.530732864851880e-08	0.000000e+00	5.000000e+00	2.579001e+00	-5.517663e-05
3.534639114851880e-08	0.000000e+00	5.000000e+00	2.778390e+00	-4.691922e-05
3.538545364851880e-08	0.000000e+00	5.000000e+00	2.948737e+00	-4.030611e-05
3.542451614851880e-08	0.000000e+00	5.000000e+00	3.095706e+00	-3.494818e-05
3.546357864851880e-08	0.000000e+00	5.000000e+00	3.223639e+00	-3.055877e-05
3.550264114851880e-08	0.000000e+00	5.000000e+00	3.335906e+00	-2.692518e-05
3.554170364851880e-08	0.000000e+00	5.000000e+00	3.435145e+00	-2.388802e-05
3.558076614851880e-08	0.000000e+00	5.000000e+00	3.523451e+00	-2.132662e-05
3.561982864851880e-08	0.000000e+00	5.000000e+00	3.602501e+00	-1.914860e-05
3.565889114851880e-08	0.000000e+00	5.000000e+00	3.673653e+00	-1.728248e-05
3.569795364851880e-08	0.000000e+00	5.000000e+00	3.738017e+00	-1.567239e-05
3.573701614851880e-08	0.000000e+00	5.000000e+00	3.796505e+00	-1.427423e-05
3.577607864851880e-08	0.000000e+00	5.000000e+00	3.849877e+00	-1.305287e-05
3.581514114851880e-08	0.000000e+00	5.000000e+00	3.898768e+00	-1.198006e-05
3.585420364851880e-08	0.000000e+00	5.000000e+00	3.943715e+00	-1.103291e-05
3.589326614851880e-08	0.000000e+00	5.000000e+00	3.985171e+00	-1.019274e-05
3.593232864851880e-08	0.000000e+00	5.000000e+00	4.023524e+00	-9.444162e-06
3.597139114851880e-08	0.000000e+00	5.000000e+00	4.059106e+00	-8.774454e-06
3.601045364851880e-08	0.000000e+00	5.000000e+00	4.092206e+00	-8.172996e-06
3.604951614851880e-08	0.000000e+00	5.000000e+00	4.123073e+00	-7.630889e-06
3.608857864851880e-08	0.000000e+00	5.000000e+00	4.151924e+00	-7.140626e-06
3.612764114851880e-08	0.000000e+00	5.000000e+00	4.178948e+00	-6.695844e-06
3.616670364851880e-08	0.000000e+00	5.000000e+00	4.204313e+00	-6.291120e-06
3.620576614851879e-08	0.000000e+00	5.000000e+00	4.228166e+00	-5.921811e-06
3.624482864851879e-08	0.000000e+00	5.000000e+00	4.250638e+00	-5.583925e-06
3.628389114851879e-08	0.000000e+00	5.000000e+00	4.271844e+00	-5.274012e-06
3.632295364851879e-08	0.000000e+00	5.000000e+00	4.291890e+00	-4.989084e-06
3.636201614851879e-08	0.000000e+00	5.000000e+00	4.310865e+00	-4.726536e-06
3.640107864851879e-08	0.000000e+00	5.000000e+00	4.328855e+00	-4.484094e-06
3.644014114851879e-08	0.000000e+00	5.000000e+00	4.345932e+00	-4.259766e-06
3.647920364851879e-08	0.000000e+00	5.000000e+00	4.362165e+00	-4.051797e-06
3.651826614851879e-08	0.000000e+00	5.000000e+00	4.377615e+00	-3.858640e-06
3.655732864851879e-08	0.000000e+00	5.000000e+00	4.392337e+00	-3.678927e-06
3.659639114851879e-08	0.000000e+00	5.000000e+00	4.406381e+00	-3.511441e-06
3.663545364851879e-08	0.000000e+00	5.000000e+00	4.419792e+00	-3.355103e-06
3.667451614851879e-08	0.000000e+00	5.000000e+00	4.432612e+00	-3.208947e-06
3.671357864851879e-08	0.000000e+00	5.000000e+00	4.444880e+00	-3.072110e-06
3.675264114851879e-08	0.000000e+00	5.000000e+00	4.456629e+00	-2.943819e-06
3.679170364851879e-08	0.000000e+00	5.000000e+00	4.467894e+00	-2.823379e-06
3.683076614851879e-08	0.000000e+00	5.000000e+00	4.478701e+00	-2.710163e-06
3.686982864851879e-08	0.000000e+00	5.000000e+00	4.489079e+00	-2.603606e-06
3.690889114851879e-08	0.000000e+00	5.000000e+00	4.499053e+00	-2.503198e-06
3.694795364851879e-08	0.000000e+00	5.000000e+00	4.508646e+00	-2.408476e-06
3.698701614851879e-08	0.000000e+00	5.000000e+00	4.517879e+00	-2.319018e-06
3.702607864851879e-08	0.000000e+00	5.000000e+00	4.526773e+00	-2.234443e-06
3.706514114851879e-08	0.000000e+00	5.000000e+00	4.535345e+00	-2.154403e-06
3.710420364851879e-08	0.000000e+00	5.000000e+00	4.543612e+00	-2.078580e-06
3.714326614851879e-08	0.000000e+00	5.000000e+00	4.551591e+00	-2.006682e-06
3.718232864851879e-08	0.000000e+00	5.000000e+00	4.559297e+00	-1.938445e-06
3.722139114851879e-08	0.000000e+00	5.000000e+00	4.566742e+00	-1.873624e-06
3.726045364851878e-08	0.000000e+00	5.000000e+00	4.573940e+00	-1.811996e-06
3.729951614851878e-08	0.000000e+00	5.000000e+00	4.580904e+00	-1.753354e-06
3.733857864851878e-08	0.000000e+00	5.000000e+00	4.587644e+00	-1.697509e-06
3.737764114851878e-08	0.000000e+00	5.000000e+00	4.594170e+00	-1.644286e-06
3.741670364851878e-08	0.000000e+00	5.000000e+00	4.600494e+00	-1.593524e-06
3.745576614851878e-08	0.000000e+00	5.000000e+00	4.606624e+00	-1.545073e-06
3.749482864851878e-08	0.000000e+00	5.000000e+00	4.612569e+00	-1.498796e-06
3.753389114851878e-08	0.000000e+00	5.000000e+00	4.618337e+00	-1.454565e-06
3.757295364851878e-08	0.000000e+00	5.000000e+00	4.623936e+00	-1.412260e-06
3.761201614851878e-08	0.000000e+00	5.000000e+00	4.629374e+00	-1.371773e-06
3.765107864851878e-08	0.000000e+00	5.000000e+00	4.634656e+00	-1.332999e-06
3.769014114851878e-08	0.000000e+00	5.000000e+00	4.639791e+00	-1.295845e-06
3.772920364851878e-08	0.000000e+00	5.000000e+00	4.644783e+00	-1.260221e-06
3.776826614851878e-08	0.000000e+00	5.000000e+00	4.649639e+00	-1.226044e-06
3.780732864851878e-08	0.000000e+00	5.000000e+00	4.654364e+00	-1.193238e-06
3.784639114851878e-08	0.000000e+00	5.000000e+00	4.658963e+00	-1.161729e-06
3.788545364851878e-08	0.000000e+00	5.000000e+00	4.663442e+00	-1.131451e-06
3.792451614851878e-08	0.000000e+00	5.000000e+00	4.667805e+00	-1.102340e-06
3.796357864851878e-08	0.000000e+00	5.000000e+00	4.672056e+00	-1.074337e-06
3.800264114851878e-08	0.000000e+00	5.000000e+00	4.676200e+00	-1.047387e-06
3.804170364851878e-08	0.000000e+00	5.000000e+00	4.680240e+00	-1.021438e-06
3.808076614851878e-08	0.000000e+00	5.000000e+00	4.684181e+00	-9.964397e-07
3.811982864851878e-08	0.000000e+00	5.000000e+00	4.688026e+00	-9.723476e-07
3.815889114851878e-08	0.000000e+00	5.000000e+00	4.691779e+00	-9.491180e-07
3.819795364851878e-08	0.000000e+00	5.000000e+00	4.695443e+00	-9.267104e-07
3.823701614851878e-08	0.000000e+00	5.000000e+00	4.699020e+00	-9.050863e-07
3.827607864851878e-08	0.000000e+00	5.000000e+00	4.702515e+00	-8.842098e-07
3.831514114851877e-08	0.000000e+00	5.000000e+00	4.705930e+00	-8.640468e-07
3.835420364851877e-08	0.000000e+00	5.000000e+00	4.709267e+00	-8.445651e-07
3.839326614851877e-08	0.000000e+00	5.000000e+00	4.712529e+00	-8.257346e-07
3.843232864851877e-08	0.000000e+00	5.000000e+00	4.715719e+00	-8.075263e-07
3.847139114851877e-08	0.000000e+00	5.000000e+00	4.718839e+00	-7.899134e-07
3.851045364851877e-08	0.000000e+00	5.000000e+00	4.721891e+00	-7.728700e-07
3.854951614851877e-08	0.000000e+00	5.000000e+00	4.724877e+00	-7.563720e-07
3.858857864851877e-08	0.000000e+00	5.000000e+00	4.727801e+00	-7.403963e-07
3.862764114851877e-08	0.000000e+00	5.000000e+00	4.730662e+00	-7.249212e-07
3.866670364851877e-08	0.000000e+00	5.000000e+00	4.733465e+00	-7.099259e-07
3.870576614851877e-08	0.000000e+00	5.000000e+00	4.736209e+00	-6.953908e-07
3.874482864851877e-08	0.000000e+00	5.000000e+00	4.738898e+00	-6.812973e-07
3.878389114851877e-08	0.000000e+00	5.000000e+00	4.741533e+00	-6.676277e-07
3.882295364851877e-08	0.000000e+00	5.000000e+00	4.744114e+00	-6.543652e-07
3.886201614851877e-08	0.000000e+00	5.000000e+00	4.746645e+00	-6.414937e-07
3.890107864851877e-08	0.000000e+00	5.000000e+00	4.749127e+00	-6.289981e-07
3.894014114851877e-08	0.000000e+00	5.000000e+00	4.751560e+00	-6.168639e-07
3.897920364851877e-08	0.000000e+00	5.000000e+00	4.753946e+00	-6.050773e-07
3.901826614851877e-08	0.000000e+00	5.000000e+00	4.756288e+00	-5.936252e-07
3.905732864851877e-08	0.000000e+00	5.000000e+00	4.758584e+00	-5.824949e-07
3.909639114851877e-08	0.000000e+00	5.000000e+00	4.760839e+00	-5.716747e-07
3.913545364851877e-08	0.000000e+00	5.000000e+00	4.763051e+00	-5.611529e-07
3.917451614851877e-08	0.000000e+00	5.000000e+00	4.765223e+00	-5.509189e-07
3.921357864851877e-08	0.000000e+00	5.000000e+00	4.767355e+00	-5.409622e-07
3.925264114851877e-08	0.000000e+00	5.000000e+00	4.769450e+00	-5.312729e-07
3.929170364851877e-08	0.000000e+00	5.000000e+00	4.771506e+00	-5.218415e-07
3.933076614851877e-08	0.000000e+00	5.000000e+00	4.773527e+00	-5.126589e-07
3.936982864851876e-08	0.000000e+00	5.000000e+00	4.775512e+00	-5.037164e-07
3.940889114851876e-08	0.000000e+00	5.000000e+00	4.777462e+00	-4.950058e-07
3.944795364851876e-08	0.000000e+00	5.000000e+00	4.779379e+00	-4.865191e-07
3.948701614851876e-08	0.000000e+00	5.000000e+00	4.781263e+00	-4.782488e-07
3.952607864851876e-08	0.000000e+00	5.000000e+00	4.783116e+00	-4.701874e-07
3.956514114851876e-08	0.000000e+00	5.000000e+00	4.784937e+00	-4.623281e-07
3.960420364851876e-08	0.000000e+00	5.000000e+00	4.786728e+00	-4.546641e-07
3.964326614851876e-08	0.000000e+00	5.000000e+00	4.788489e+00	-4.471891e-07
3.968232864851876e-08	0.000000e+00	5.000000e+00	4.790222e+00	-4.398968e-07
3.972139114851876e-08	0.000000e+00	5.000000e+00	4.791926e+00	-4.327814e-07
3.976045364851876e-08	0.000000e+00	5.000000e+00	4.793603e+00	-4.258372e-07
3.979951614851876e-08	0.000000e+00	5.000000e+00	4.795253e+00	-4.190588e-07
3.983857864851876e-08	0.000000e+00	5.000000e+00	4.796877e+00	-4.124409e-07
3.987764114851876e-08	0.000000e+00	5.000000e+00	4.798475e+00	-4.059784e-07
3.991670364851876e-08	0.000000e+00	5.000000e+00	4.800048e+00	-3.996666e-07
3.995576614851876e-08	0.000000e+00	5.000000e+00	4.801598e+00	-3.935009e-07
3.999482864851876e-08	0.000000e+00	5.000000e+00	4.803123e+00	-3.874767e-07
4.000000000000000e-08	0.000000e+00	5.000000e+00	4.803323e+00	-3.866895e-07
Step Information: Bval=5  (Step: 2/2)
0.000000000000000e+00	0.000000e+00	0.000000e+00	1.000281e-03	-3.003800e-11
3.906249931451836e-16	0.000000e+00	0.000000e+00	1.000281e-03	-3.003800e-11
7.812499862903672e-16	0.000000e+00	0.000000e+00	1.000281e-03	-3.003800e-11
1.562499972580734e-15	0.000000e+00	0.000000e+00	1.000281e-03	-3.003800e-11
3.124999945161469e-15	0.000000e+00	0.000000e+00	1.000281e-03	-3.003800e-11
6.249999890322938e-15	0.000000e+00	0.000000e+00	1.000281e-03	-3.003800e-11
1.249999978064588e-14	0.000000e+00	0.000000e+00	1.000281e-03	-3.003800e-11
2.499999956129175e-14	0.000000e+00	0.000000e+00	1.000281e-03	-3.003800e-11
4.999999912258350e-14	0.000000e+00	0.000000e+00	1.000281e-03	-3.003800e-11
9.999999824516700e-14	0.000000e+00	0.000000e+00	1.000281e-03	-3.003800e-11
1.999999964903340e-13	0.000000e+00	0.000000e+00	1.000281e-03	-3.003800e-11
3.999999929806680e-13	0.000000e+00	0.000000e+00	1.000281e-03	-3.003800e-11
7.999999859613360e-13	0.000000e+00	0.000000e+00	1.000281e-03	-3.003800e-11
1.599999971922672e-12	0.000000e+00	0.000000e+00	1.000281e-03	-3.003800e-11
3.199999943845344e-12	0.000000e+00	0.000000e+00	1.000281e-03	-3.003800e-11
6.399999887690688e-12	0.000000e+00	0.000000e+00	1.000281e-03	-3.003800e-11
1.279999977538138e-11	0.000000e+00	0.000000e+00	1.000281e-03	-3.003800e-11
2.559999955076275e-11	0.000000e+00	0.000000e+00	1.000281e-03	-3.003800e-11
5.119999910152551e-11	0.000000e+00	0.000000e+00	1.000281e-03	-3.003800e-11
9.026249910152551e-11	0.000000e+00	0.000000e+00	1.000281e-03	-3.003800e-11
1.293249991015255e-10	0.000000e+00	0.000000e+00	1.000281e-03	-3.003800e-11
1.683874991015255e-10	0.000000e+00	0.000000e+00	1.000281e-03	-3.003800e-11
2.074499991015255e-10	0.000000e+00	0.000000e+00	1.000281e-03	-3.003800e-11
2.465124991015255e-10	0.000000e+00	0.000000e+00	1.000281e-03	-3.003800e-11
2.855749991015255e-10	0.000000e+00	0.000000e+00	1.000281e-03	-3.003800e-11
3.246374991015255e-10	0.000000e+00	0.000000e+00	1.000281e-03	-3.003800e-11
3.636999991015255e-10	0.000000e+00	0.000000e+00	1.000281e-03	-3.003800e-11
4.027624991015254e-10	0.000000e+00	0.000000e+00	1.000281e-03	-3.003800e-11
4.418249991015254e-10	0.000000e+00	0.000000e+00	1.000281e-03	-3.003800e-11
4.808874991015254e-10	0.000000e+00	0.000000e+00	1.000281e-03	-3.003800e-11
5.199499991015255e-10	0.000000e+00	0.000000e+00	1.000281e-03	-3.003800e-11
5.590124991015255e-10	0.000000e+00	0.000000e+00	1.000281e-03	-3.003800e-11
5.980749991015255e-10	0.000000e+00	0.000000e+00	1.000281e-03	-3.003800e-11
6.371374991015256e-10	0.000000e+00	0.000000e+00	1.000281e-03	-3.003800e-11
6.761999991015256e-10	0.000000e+00	0.000000e+00	1.000281e-03	-3.003800e-11
7.152624991015257e-10	0.000000e+00	0.000000e+00	1.000281e-03	-3.003800e-11
7.543249991015257e-10	0.000000e+00	0.000000e+00	1.000281e-03	-3.003800e-11
7.933874991015257e-10	0.000000e+00	0.000000e+00	1.000281e-03	-3.003800e-11
8.324499991015258e-10	0.000000e+00	0.000000e+00	1.000281e-03	-3.003800e-11
8.715124991015258e-10	0.000000e+00	0.000000e+00	1.000281e-03	-3.003800e-11
9.105749991015259e-10	0.000000e+00	0.000000e+00	1.000281e-03	-3.003800e-11
9.496374991015258e-10	0.000000e+00	0.000000e+00	1.000281e-03	-3.003800e-11
9.886999991015258e-10	0.000000e+00	0.000000e+00	1.000281e-03	-3.003800e-11
1.027762499101526e-09	0.000000e+00	0.000000e+00	1.000281e-03	-3.003800e-11
1.066824999101526e-09	0.000000e+00	0.000000e+00	1.000281e-03	-3.003800e-11
1.105887499101526e-09	0.000000e+00	0.000000e+00	1.000281e-03	-3.003800e-11
1.144949999101526e-09	0.000000e+00	0.000000e+00	1.000281e-03	-3.003800e-11
1.184012499101526e-09	0.000000e+00	0.000000e+00	1.000281e-03	-3.003800e-11
1.223074999101526e-09	0.000000e+00	0.000000e+00	1.000281e-03	-3.003800e-11
1.262137499101526e-09	0.000000e+00	0.000000e+00	1.000281e-03	-3.003800e-11
1.301199999101526e-09	0.000000e+00	0.000000e+00	1.000281e-03	-3.003800e-11
1.340262499101526e-09	0.000000e+00	0.000000e+00	1.000281e-03	-3.003800e-11
1.379324999101526e-09	0.000000e+00	0.000000e+00	1.000281e-03	-3.003800e-11
1.418387499101526e-09	0.000000e+00	0.000000e+00	1.000281e-03	-3.003800e-11
1.457449999101526e-09	0.000000e+00	0.000000e+00	1.000281e-03	-3.003800e-11
1.496512499101526e-09	0.000000e+00	0.000000e+00	1.000281e-03	-3.003800e-11
1.535574999101526e-09	0.000000e+00	0.000000e+00	1.000281e-03	-3.003800e-11
1.574637499101526e-09	0.000000e+00	0.000000e+00	1.000281e-03	-3.003800e-11
1.613699999101526e-09	0.000000e+00	0.000000e+00	1.000281e-03	-3.003800e-11
1.652762499101527e-09	0.000000e+00	0.000000e+00	1.000281e-03	-3.003800e-11
1.691824999101527e-09	0.000000e+00	0.000000e+00	1.000281e-03	-3.003800e-11
1.730887499101527e-09	0.000000e+00	0.000000e+00	1.000281e-03	-3.003800e-11
1.769949999101527e-09	0.000000e+00	0.000000e+00	1.000281e-03	-3.003800e-11
1.809012499101527e-09	0.000000e+00	0.000000e+00	1.000281e-03	-3.003800e-11
1.848074999101527e-09	0.000000e+00	0.000000e+00	1.000281e-03	-3.003800e-11
1.887137499101527e-09	0.000000e+00	0.000000e+00	1.000281e-03	-3.003800e-11
1.926199999101527e-09	0.000000e+00	0.000000e+00	1.000281e-03	-3.003800e-11
1.965262499101527e-09	0.000000e+00	0.000000e+00	1.000281e-03	-3.003800e-11
2.004324999101527e-09	0.000000e+00	0.000000e+00	1.000281e-03	-3.003800e-11
2.043387499101527e-09	0.000000e+00	0.000000e+00	1.000281e-03	-3.003800e-11
2.082449999101527e-09	0.000000e+00	0.000000e+00	1.000281e-03	-3.003800e-11
2.121512499101527e-09	0.000000e+00	0.000000e+00	1.000281e-03	-3.003800e-11
2.160574999101527e-09	0.000000e+00	0.000000e+00	1.000281e-03	-3.003800e-11
2.199637499101527e-09	0.000000e+00	0.000000e+00	1.000281e-03	-3.003800e-11
2.238699999101527e-09	0.000000e+00	0.000000e+00	1.000281e-03	-3.003800e-11
2.277762499101527e-09	0.000000e+00	0.000000e+00	1.000281e-03	-3.003800e-11
2.316824999101527e-09	0.000000e+00	0.000000e+00	1.000281e-03	-3.003800e-11
2.355887499101527e-09	0.000000e+00	0.000000e+00	1.000281e-03	-3.003800e-11
2.394949999101527e-09	0.000000e+00	0.000000e+00	1.000281e-03	-3.003800e-11
2.434012499101527e-09	0.000000e+00	0.000000e+00	1.000281e-03	-3.003800e-11
2.473074999101527e-09	0.000000e+00	0.000000e+00	1.000281e-03	-3.003800e-11
2.512137499101527e-09	0.000000e+00	0.000000e+00	1.000281e-03	-3.003800e-11
2.551199999101527e-09	0.000000e+00	0.000000e+00	1.000281e-03	-3.003800e-11
2.590262499101527e-09	0.000000e+00	0.000000e+00	1.000281e-03	-3.003800e-11
2.629324999101527e-09	0.000000e+00	0.000000e+00	1.000281e-03	-3.003800e-11
2.668387499101527e-09	0.000000e+00	0.000000e+00	1.000281e-03	-3.003800e-11
2.707449999101527e-09	0.000000e+00	0.000000e+00	1.000281e-03	-3.003800e-11
2.746512499101527e-09	0.000000e+00	0.000000e+00	1.000281e-03	-3.003800e-11
2.785574999101527e-09	0.000000e+00	0.000000e+00	1.000281e-03	-3.003800e-11
2.824637499101527e-09	0.000000e+00	0.000000e+00	1.000281e-03	-3.003800e-11
2.863699999101528e-09	0.000000e+00	0.000000e+00	1.000281e-03	-3.003800e-11
2.902762499101528e-09	0.000000e+00	0.000000e+00	1.000281e-03	-3.003800e-11
2.941824999101528e-09	0.000000e+00	0.000000e+00	1.000281e-03	-3.003800e-11
2.980887499101528e-09	0.000000e+00	0.000000e+00	1.000281e-03	-3.003800e-11
3.019949999101528e-09	0.000000e+00	0.000000e+00	1.000281e-03	-3.003800e-11
3.059012499101528e-09	0.000000e+00	0.000000e+00	1.000281e-03	-3.003800e-11
3.098074999101528e-09	0.000000e+00	0.000000e+00	1.000281e-03	-3.003800e-11
3.137137499101528e-09	0.000000e+00	0.000000e+00	1.000281e-03	-3.003800e-11
3.176199999101528e-09	0.000000e+00	0.000000e+00	1.000281e-03	-3.003800e-11
3.215262499101528e-09	0.000000e+00	0.000000e+00	1.000281e-03	-3.003800e-11
3.254324999101528e-09	0.000000e+00	0.000000e+00	1.000281e-03	-3.003800e-11
3.293387499101528e-09	0.000000e+00	0.000000e+00	1.000281e-03	-3.003800e-11
3.332449999101528e-09	0.000000e+00	0.000000e+00	1.000281e-03	-3.003800e-11
3.371512499101528e-09	0.000000e+00	0.000000e+00	1.000281e-03	-3.003800e-11
3.410574999101528e-09	0.000000e+00	0.000000e+00	1.000281e-03	-3.003800e-11
3.449637499101528e-09	0.000000e+00	0.000000e+00	1.000281e-03	-3.003800e-11
3.488699999101528e-09	0.000000e+00	0.000000e+00	1.000281e-03	-3.003800e-11
3.527762499101528e-09	0.000000e+00	0.000000e+00	1.000281e-03	-3.003800e-11
3.566824999101528e-09	0.000000e+00	0.000000e+00	1.000281e-03	-3.003800e-11
3.605887499101528e-09	0.000000e+00	0.000000e+00	1.000281e-03	-3.003800e-11
3.644949999101528e-09	0.000000e+00	0.000000e+00	1.000281e-03	-3.003800e-11
3.684012499101528e-09	0.000000e+00	0.000000e+00	1.000281e-03	-3.003800e-11
3.723074999101528e-09	0.000000e+00	0.000000e+00	1.000281e-03	-3.003800e-11
3.762137499101528e-09	0.000000e+00	0.000000e+00	1.000281e-03	-3.003800e-11
3.801199999101528e-09	0.000000e+00	0.000000e+00	1.000281e-03	-3.003800e-11
3.840262499101527e-09	0.000000e+00	0.000000e+00	1.000281e-03	-3.003800e-11
3.879324999101527e-09	0.000000e+00	0.000000e+00	1.000281e-03	-3.003800e-11
3.918387499101527e-09	0.000000e+00	0.000000e+00	1.000281e-03	-3.003800e-11
3.957449999101526e-09	0.000000e+00	0.000000e+00	1.000281e-03	-3.003800e-11
3.996512499101526e-09	0.000000e+00	0.000000e+00	1.000281e-03	-3.003800e-11
4.035574999101525e-09	0.000000e+00	0.000000e+00	1.000281e-03	-3.003800e-11
4.074637499101525e-09	0.000000e+00	0.000000e+00	1.000281e-03	-3.003800e-11
4.113699999101525e-09	0.000000e+00	0.000000e+00	1.000281e-03	-3.003800e-11
4.152762499101524e-09	0.000000e+00	0.000000e+00	1.000281e-03	-3.003800e-11
4.191824999101524e-09	0.000000e+00	0.000000e+00	1.000281e-03	-3.003800e-11
4.230887499101524e-09	0.000000e+00	0.000000e+00	1.000281e-03	-3.003800e-11
4.269949999101523e-09	0.000000e+00	0.000000e+00	1.000281e-03	-3.003800e-11
4.309012499101523e-09	0.000000e+00	0.000000e+00	1.000281e-03	-3.003800e-11
4.348074999101522e-09	0.000000e+00	0.000000e+00	1.000281e-03	-3.003800e-11
4.387137499101522e-09	0.000000e+00	0.000000e+00	1.000281e-03	-3.003800e-11
4.426199999101522e-09	0.000000e+00	0.000000e+00	1.000281e-03	-3.003800e-11
4.465262499101521e-09	0.000000e+00	0.000000e+00	1.000281e-03	-3.003800e-11
4.504324999101521e-09	0.000000e+00	0.000000e+00	1.000281e-03	-3.003800e-11
4.543387499101521e-09	0.000000e+00	0.000000e+00	1.000281e-03	-3.003800e-11
4.582449999101520e-09	0.000000e+00	0.000000e+00	1.000281e-03	-3.003800e-11
4.621512499101520e-09	0.000000e+00	0.000000e+00	1.000281e-03	-3.003800e-11
4.660574999101519e-09	0.000000e+00	0.000000e+00	1.000281e-03	-3.003800e-11
4.699637499101519e-09	0.000000e+00	0.000000e+00	1.000281e-03	-3.003800e-11
4.738699999101519e-09	0.000000e+00	0.000000e+00	1.000281e-03	-3.003800e-11
4.777762499101518e-09	0.000000e+00	0.000000e+00	1.000281e-03	-3.003800e-11
4.816824999101518e-09	0.000000e+00	0.000000e+00	1.000281e-03	-3.003800e-11
4.855887499101518e-09	0.000000e+00	0.000000e+00	1.000281e-03	-3.003800e-11
4.894949999101517e-09	0.000000e+00	0.000000e+00	1.000281e-03	-3.003800e-11
4.934012499101517e-09	0.000000e+00	0.000000e+00	1.000281e-03	-3.003800e-11
4.973074999101516e-09	0.000000e+00	0.000000e+00	1.000281e-03	-3.003800e-11
5.000000000000000e-09	0.000000e+00	0.000000e+00	1.000281e-03	-3.003800e-11
5.003906250000000e-09	1.953125e-01	0.000000e+00	1.149291e-03	-3.814995e-07
5.011718750000000e-09	5.859375e-01	0.000000e+00	2.639389e-03	-3.433257e-06
5.027343750000001e-09	1.367188e+00	0.000000e+00	1.992321e-02	-1.869204e-05
5.058593750000000e-09	2.929688e+00	0.000000e+00	1.827153e-01	-4.286195e-05
5.088028515871880e-09	4.401426e+00	0.000000e+00	5.885594e-01	-3.582926e-06
5.100000000000000e-09	5.000000e+00	0.000000e+00	8.477864e-01	-1.417221e-11
5.103399854672641e-09	5.000000e+00	0.000000e+00	9.298432e-01	-1.409016e-11
5.110199564017923e-09	5.000000e+00	0.000000e+00	1.092836e+00	-1.392716e-11
5.123798982708485e-09	5.000000e+00	0.000000e+00	1.411160e+00	-1.360884e-11
5.150997820089612e-09	5.000000e+00	0.000000e+00	2.009173e+00	-1.301085e-11
5.190060320089611e-09	5.000000e+00	0.000000e+00	2.758533e+00	-1.226168e-11
5.229122820089611e-09	5.000000e+00	0.000000e+00	3.365485e+00	-1.165451e-11
5.268185320089611e-09	5.000000e+00	0.000000e+00	3.833762e+00	-1.118624e-11
5.307247820089610e-09	5.000000e+00	0.000000e+00	4.181721e+00	-1.083828e-11
5.346310320089610e-09	5.000000e+00	0.000000e+00	4.432937e+00	-1.058706e-11
5.385372820089609e-09	5.000000e+00	0.000000e+00	4.610519e+00	-1.040948e-11
5.424435320089609e-09	5.000000e+00	0.000000e+00	4.734215e+00	-1.028583e-11
5.463497820089609e-09	5.000000e+00	0.000000e+00	4.819458e+00	-1.020056e-11
5.502560320089608e-09	5.000000e+00	0.000000e+00	4.877717e+00	-1.014221e-11
5.541622820089608e-09	5.000000e+00	0.000000e+00	4.917341e+00	-1.010226e-11
5.580685320089608e-09	5.000000e+00	0.000000e+00	4.944199e+00	-1.007465e-11
5.619747820089607e-09	5.000000e+00	0.000000e+00	4.962365e+00	-1.005530e-11
5.658810320089607e-09	5.000000e+00	0.000000e+00	4.974632e+00	-1.004162e-11
5.697872820089606e-09	5.000000e+00	0.000000e+00	4.982908e+00	-1.003193e-11
5.736935320089606e-09	5.000000e+00	0.000000e+00	4.988487e+00	-1.002511e-11
5.775997820089606e-09	5.000000e+00	0.000000e+00	4.992246e+00	-1.002034e-11
5.815060320089605e-09	5.000000e+00	0.000000e+00	4.994779e+00	-1.001705e-11
5.854122820089605e-09	5.000000e+00	0.000000e+00	4.996484e+00	-1.001479e-11
5.893185320089605e-09	5.000000e+00	0.000000e+00	4.997633e+00	-1.001324e-11
5.932247820089604e-09	5.000000e+00	0.000000e+00	4.998406e+00	-1.001219e-11
5.971310320089604e-09	5.000000e+00	0.000000e+00	4.998927e+00	-1.001148e-11
6.010372820089603e-09	5.000000e+00	0.000000e+00	4.999278e+00	-1.001100e-11
6.049435320089603e-09	5.000000e+00	0.000000e+00	4.999514e+00	-1.001067e-11
6.088497820089603e-09	5.000000e+00	0.000000e+00	4.999672e+00	-1.001045e-11
6.127560320089602e-09	5.000000e+00	0.000000e+00	4.999780e+00	-1.001031e-11
6.166622820089602e-09	5.000000e+00	0.000000e+00	4.999852e+00	-1.001021e-11
6.205685320089602e-09	5.000000e+00	0.000000e+00	4.999900e+00	-1.001014e-11
6.244747820089601e-09	5.000000e+00	0.000000e+00	4.999933e+00	-1.001009e-11
6.283810320089601e-09	5.000000e+00	0.000000e+00	4.999955e+00	-1.001006e-11
6.322872820089600e-09	5.000000e+00	0.000000e+00	4.999969e+00	-1.001004e-11
6.361935320089600e-09	5.000000e+00	0.000000e+00	4.999979e+00	-1.001003e-11
6.400997820089600e-09	5.000000e+00	0.000000e+00	4.999986e+00	-1.001002e-11
6.440060320089599e-09	5.000000e+00	0.000000e+00	4.999990e+00	-1.001001e-11
6.479122820089599e-09	5.000000e+00	0.000000e+00	4.999994e+00	-1.001001e-11
6.518185320089599e-09	5.000000e+00	0.000000e+00	4.999996e+00	-1.001001e-11
6.557247820089598e-09	5.000000e+00	0.000000e+00	4.999997e+00	-1.001000e-11
6.596310320089598e-09	5.000000e+00	0.000000e+00	4.999998e+00	-1.001000e-11
6.635372820089597e-09	5.000000e+00	0.000000e+00	4.999999e+00	-1.001000e-11
6.674435320089597e-09	5.000000e+00	0.000000e+00	4.999999e+00	-1.001000e-11
6.713497820089597e-09	5.000000e+00	0.000000e+00	5.000000e+00	-1.001000e-11
6.752560320089596e-09	5.000000e+00	0.000000e+00	5.000000e+00	-1.001000e-11
6.791622820089596e-09	5.000000e+00	0.000000e+00	5.000000e+00	-1.001000e-11
6.830685320089596e-09	5.000000e+00	0.000000e+00	5.000000e+00	-1.001000e-11
6.869747820089595e-09	5.000000e+00	0.000000e+00	5.000000e+00	-1.001000e-11
6.908810320089595e-09	5.000000e+00	0.000000e+00	5.000000e+00	-1.001000e-11
6.947872820089594e-09	5.000000e+00	0.000000e+00	5.000000e+00	-1.001000e-11
6.986935320089594e-09	5.000000e+00	0.000000e+00	5.000000e+00	-1.001000e-11
7.025997820089594e-09	5.000000e+00	0.000000e+00	5.000000e+00	-1.001000e-11
7.065060320089593e-09	5.000000e+00	0.000000e+00	5.000000e+00	-1.001000e-11
7.104122820089593e-09	5.000000e+00	0.000000e+00	5.000000e+00	-1.001000e-11
7.143185320089593e-09	5.000000e+00	0.000000e+00	5.000000e+00	-1.001000e-11
7.182247820089592e-09	5.000000e+00	0.000000e+00	5.000000e+00	-1.001000e-11
7.221310320089592e-09	5.000000e+00	0.000000e+00	5.000000e+00	-1.001000e-11
7.260372820089591e-09	5.000000e+00	0.000000e+00	5.000000e+00	-1.001000e-11
7.299435320089591e-09	5.000000e+00	0.000000e+00	5.000000e+00	-1.001000e-11
7.338497820089591e-09	5.000000e+00	0.000000e+00	5.000000e+00	-1.001000e-11
7.377560320089590e-09	5.000000e+00	0.000000e+00	5.000000e+00	-1.001000e-11
7.416622820089590e-09	5.000000e+00	0.000000e+00	5.000000e+00	-1.001000e-11
7.455685320089590e-09	5.000000e+00	0.000000e+00	5.000000e+00	-1.001000e-11
7.494747820089589e-09	5.000000e+00	0.000000e+00	5.000000e+00	-1.001000e-11
7.533810320089589e-09	5.000000e+00	0.000000e+00	5.000000e+00	-1.001000e-11
7.572872820089588e-09	5.000000e+00	0.000000e+00	5.000000e+00	-1.001000e-11
7.611935320089588e-09	5.000000e+00	0.000000e+00	5.000000e+00	-1.001000e-11
7.650997820089588e-09	5.000000e+00	0.000000e+00	5.000000e+00	-1.001000e-11
7.690060320089587e-09	5.000000e+00	0.000000e+00	5.000000e+00	-1.001000e-11
7.729122820089587e-09	5.000000e+00	0.000000e+00	5.000000e+00	-1.001000e-11
7.768185320089587e-09	5.000000e+00	0.000000e+00	5.000000e+00	-1.001000e-11
7.807247820089586e-09	5.000000e+00	0.000000e+00	5.000000e+00	-1.001000e-11
7.846310320089586e-09	5.000000e+00	0.000000e+00	5.000000e+00	-1.001000e-11
7.885372820089586e-09	5.000000e+00	0.000000e+00	5.000000e+00	-1.001000e-11
7.924435320089585e-09	5.000000e+00	0.000000e+00	5.000000e+00	-1.001000e-11
7.963497820089585e-09	5.000000e+00	0.000000e+00	5.000000e+00	-1.001000e-11
8.002560320089584e-09	5.000000e+00	0.000000e+00	5.000000e+00	-1.001000e-11
8.041622820089584e-09	5.000000e+00	0.000000e+00	5.000000e+00	-1.001000e-11
8.080685320089584e-09	5.000000e+00	0.000000e+00	5.000000e+00	-1.001000e-11
8.119747820089583e-09	5.000000e+00	0.000000e+00	5.000000e+00	-1.001000e-11
8.158810320089583e-09	5.000000e+00	0.000000e+00	5.000000e+00	-1.001000e-11
8.197872820089583e-09	5.000000e+00	0.000000e+00	5.000000e+00	-1.001000e-11
8.236935320089582e-09	5.000000e+00	0.000000e+00	5.000000e+00	-1.001000e-11
8.275997820089582e-09	5.000000e+00	0.000000e+00	5.000000e+00	-1.001000e-11
8.315060320089581e-09	5.000000e+00	0.000000e+00	5.000000e+00	-1.001000e-11
8.354122820089581e-09	5.000000e+00	0.000000e+00	5.000000e+00	-1.001000e-11
8.393185320089581e-09	5.000000e+00	0.000000e+00	5.000000e+00	-1.001000e-11
8.432247820089580e-09	5.000000e+00	0.000000e+00	5.000000e+00	-1.001000e-11
8.471310320089580e-09	5.000000e+00	0.000000e+00	5.000000e+00	-1.001000e-11
8.510372820089580e-09	5.000000e+00	0.000000e+00	5.000000e+00	-1.001000e-11
8.549435320089579e-09	5.000000e+00	0.000000e+00	5.000000e+00	-1.001000e-11
8.588497820089579e-09	5.000000e+00	0.000000e+00	5.000000e+00	-1.001000e-11
8.627560320089578e-09	5.000000e+00	0.000000e+00	5.000000e+00	-1.001000e-11
8.666622820089578e-09	5.000000e+00	0.000000e+00	5.000000e+00	-1.001000e-11
8.705685320089578e-09	5.000000e+00	0.000000e+00	5.000000e+00	-1.001000e-11
8.744747820089577e-09	5.000000e+00	0.000000e+00	5.000000e+00	-1.001000e-11
8.783810320089577e-09	5.000000e+00	0.000000e+00	5.000000e+00	-1.001000e-11
8.822872820089577e-09	5.000000e+00	0.000000e+00	5.000000e+00	-1.001000e-11
8.861935320089576e-09	5.000000e+00	0.000000e+00	5.000000e+00	-1.001000e-11
8.900997820089576e-09	5.000000e+00	0.000000e+00	5.000000e+00	-1.001000e-11
8.940060320089575e-09	5.000000e+00	0.000000e+00	5.000000e+00	-1.001000e-11
8.979122820089575e-09	5.000000e+00	0.000000e+00	5.000000e+00	-1.001000e-11
9.018185320089575e-09	5.000000e+00	0.000000e+00	5.000000e+00	-1.001000e-11
9.057247820089574e-09	5.000000e+00	0.000000e+00	5.000000e+00	-1.001000e-11
9.096310320089574e-09	5.000000e+00	0.000000e+00	5.000000e+00	-1.001000e-11
9.135372820089574e-09	5.000000e+00	0.000000e+00	5.000000e+00	-1.001000e-11
9.174435320089573e-09	5.000000e+00	0.000000e+00	5.000000e+00	-1.001000e-11
9.213497820089573e-09	5.000000e+00	0.000000e+00	5.000000e+00	-1.001000e-11
9.252560320089572e-09	5.000000e+00	0.000000e+00	5.000000e+00	-1.001000e-11
9.291622820089572e-09	5.000000e+00	0.000000e+00	5.000000e+00	-1.001000e-11
9.330685320089572e-09	5.000000e+00	0.000000e+00	5.000000e+00	-1.001000e-11
9.369747820089571e-09	5.000000e+00	0.000000e+00	5.000000e+00	-1.001000e-11
9.408810320089571e-09	5.000000e+00	0.000000e+00	5.000000e+00	-1.001000e-11
9.447872820089571e-09	5.000000e+00	0.000000e+00	5.000000e+00	-1.001000e-11
9.486935320089570e-09	5.000000e+00	0.000000e+00	5.000000e+00	-1.001000e-11
9.525997820089570e-09	5.000000e+00	0.000000e+00	5.000000e+00	-1.001000e-11
9.565060320089569e-09	5.000000e+00	0.000000e+00	5.000000e+00	-1.001000e-11
9.604122820089569e-09	5.000000e+00	0.000000e+00	5.000000e+00	-1.001000e-11
9.643185320089569e-09	5.000000e+00	0.000000e+00	5.000000e+00	-1.001000e-11
9.682247820089568e-09	5.000000e+00	0.000000e+00	5.000000e+00	-1.001000e-11
9.721310320089568e-09	5.000000e+00	0.000000e+00	5.000000e+00	-1.001000e-11
9.760372820089568e-09	5.000000e+00	0.000000e+00	5.000000e+00	-1.001000e-11
9.799435320089567e-09	5.000000e+00	0.000000e+00	5.000000e+00	-1.001000e-11
9.838497820089567e-09	5.000000e+00	0.000000e+00	5.000000e+00	-1.001000e-11
9.877560320089566e-09	5.000000e+00	0.000000e+00	5.000000e+00	-1.001000e-11
9.916622820089566e-09	5.000000e+00	0.000000e+00	5.000000e+00	-1.001000e-11
9.955685320089566e-09	5.000000e+00	0.000000e+00	5.000000e+00	-1.001000e-11
9.994747820089565e-09	5.000000e+00	0.000000e+00	5.000000e+00	-1.001000e-11
1.000000000000000e-08	5.000000e+00	0.000000e+00	5.000000e+00	-1.001000e-11
1.000390625000000e-08	4.804688e+00	0.000000e+00	4.992801e+00	-3.814799e-07
1.001171875000000e-08	4.414062e+00	0.000000e+00	4.965401e+00	-3.433238e-06
1.002734375000000e-08	3.632812e+00	0.000000e+00	4.844734e+00	-1.869203e-05
1.005859375000000e-08	2.070312e+00	0.000000e+00	4.442764e+00	-4.286195e-05
1.009765625000000e-08	1.171875e-01	0.000000e+00	3.851507e+00	-1.373513e-07
1.010000000000000e-08	0.000000e+00	0.000000e+00	3.817065e+00	-2.240587e-11
1.010390625000000e-08	0.000000e+00	0.000000e+00	3.761788e+00	-2.251642e-11
1.011171875000000e-08	0.000000e+00	0.000000e+00	3.654346e+00	-2.273131e-11
1.012734375000000e-08	0.000000e+00	0.000000e+00	3.456670e+00	-2.312666e-11
1.015859375000000e-08	0.000000e+00	0.000000e+00	3.118112e+00	-2.380387e-11
1.019765625000000e-08	0.000000e+00	0.000000e+00	2.777717e+00	-2.448481e-11
1.023671875000000e-08	0.000000e+00	0.000000e+00	2.504711e+00	-2.503074e-11
1.027578125000000e-08	0.000000e+00	0.000000e+00	2.280720e+00	-2.547865e-11
1.031484375000000e-08	0.000000e+00	0.000000e+00	2.093591e+00	-2.585287e-11
1.035390625000000e-08	0.000000e+00	0.000000e+00	1.934903e+00	-2.617022e-11
1.039296875000000e-08	0.000000e+00	0.000000e+00	1.798622e+00	-2.644277e-11
1.043203125000000e-08	0.000000e+00	0.000000e+00	1.680309e+00	-2.667939e-11
1.047109375000000e-08	0.000000e+00	0.000000e+00	1.576624e+00	-2.688676e-11
1.051015625000000e-08	0.000000e+00	0.000000e+00	1.485010e+00	-2.706998e-11
1.054921875000000e-08	0.000000e+00	0.000000e+00	1.403472e+00	-2.723306e-11
1.058828125000000e-08	0.000000e+00	0.000000e+00	1.330433e+00	-2.737914e-11
1.062734375000000e-08	0.000000e+00	0.000000e+00	1.264628e+00	-2.751075e-11
1.066640625000000e-08	0.000000e+00	0.000000e+00	1.205032e+00	-2.762993e-11
1.070546875000000e-08	0.000000e+00	0.000000e+00	1.150806e+00	-2.773839e-11
1.074453124999999e-08	0.000000e+00	0.000000e+00	1.101254e+00	-2.783749e-11
1.078359374999999e-08	0.000000e+00	0.000000e+00	1.055797e+00	-2.792841e-11
1.082265624999999e-08	0.000000e+00	0.000000e+00	1.013946e+00	-2.801211e-11
1.086171874999999e-08	0.000000e+00	0.000000e+00	9.752885e-01	-2.808942e-11
1.090078124999999e-08	0.000000e+00	0.000000e+00	9.394726e-01	-2.816106e-11
1.093984374999999e-08	0.000000e+00	0.000000e+00	9.061955e-01	-2.822761e-11
1.097890624999999e-08	0.000000e+00	0.000000e+00	8.751966e-01	-2.828961e-11
1.101796874999999e-08	0.000000e+00	0.000000e+00	8.462494e-01	-2.834750e-11
1.105703124999999e-08	0.000000e+00	0.000000e+00	8.191567e-01	-2.840169e-11
1.109609374999999e-08	0.000000e+00	0.000000e+00	7.937457e-01	-2.845251e-11
1.113515624999999e-08	0.000000e+00	0.000000e+00	7.698645e-01	-2.850027e-11
1.117421874999999e-08	0.000000e+00	0.000000e+00	7.473789e-01	-2.854524e-11
1.121328124999999e-08	0.000000e+00	0.000000e+00	7.261701e-01	-2.858766e-11
1.125234374999999e-08	0.000000e+00	0.000000e+00	7.061322e-01	-2.862774e-11
1.129140624999999e-08	0.000000e+00	0.000000e+00	6.871708e-01	-2.866566e-11
1.133046874999999e-08	0.000000e+00	0.000000e+00	6.692014e-01	-2.870160e-11
1.136953124999999e-08	0.000000e+00	0.000000e+00	6.521482e-01	-2.873570e-11
1.140859374999999e-08	0.000000e+00	0.000000e+00	6.359428e-01	-2.876811e-11
1.144765624999999e-08	0.000000e+00	0.000000e+00	6.205235e-01	-2.879895e-11
1.148671874999999e-08	0.000000e+00	0.000000e+00	6.058344e-01	-2.882833e-11
1.152578124999999e-08	0.000000e+00	0.000000e+00	5.918248e-01	-2.885635e-11
1.156484374999999e-08	0.000000e+00	0.000000e+00	5.784487e-01	-2.888310e-11
1.160390624999999e-08	0.000000e+00	0.000000e+00	5.656640e-01	-2.890867e-11
1.164296874999999e-08	0.000000e+00	0.000000e+00	5.534323e-01	-2.893313e-11
1.168203124999999e-08	0.000000e+00	0.000000e+00	5.417186e-01	-2.895656e-11
1.172109374999999e-08	0.000000e+00	0.000000e+00	5.304905e-01	-2.897902e-11
1.176015624999999e-08	0.000000e+00	0.000000e+00	5.197185e-01	-2.900056e-11
1.179921874999998e-08	0.000000e+00	0.000000e+00	5.093754e-01	-2.902125e-11
1.183828124999998e-08	0.000000e+00	0.000000e+00	4.994360e-01	-2.904113e-11
1.187734374999998e-08	0.000000e+00	0.000000e+00	4.898771e-01	-2.906025e-11
1.191640624999998e-08	0.000000e+00	0.000000e+00	4.806774e-01	-2.907864e-11
1.195546874999998e-08	0.000000e+00	0.000000e+00	4.718168e-01	-2.909637e-11
1.199453124999998e-08	0.000000e+00	0.000000e+00	4.632771e-01	-2.911344e-11
1.203359374999998e-08	0.000000e+00	0.000000e+00	4.550410e-01	-2.912992e-11
1.207265624999998e-08	0.000000e+00	0.000000e+00	4.470927e-01	-2.914581e-11
1.211171874999998e-08	0.000000e+00	0.000000e+00	4.394174e-01	-2.916116e-11
1.215078124999998e-08	0.000000e+00	0.000000e+00	4.320011e-01	-2.917600e-11
1.218984374999998e-08	0.000000e+00	0.000000e+00	4.248311e-01	-2.919034e-11
1.222890624999998e-08	0.000000e+00	0.000000e+00	4.178953e-01	-2.920421e-11
1.226796874999998e-08	0.000000e+00	0.000000e+00	4.111823e-01	-2.921764e-11
1.230703124999998e-08	0.000000e+00	0.000000e+00	4.046816e-01	-2.923064e-11
1.234609374999998e-08	0.000000e+00	0.000000e+00	3.983832e-01	-2.924323e-11
1.238515624999998e-08	0.000000e+00	0.000000e+00	3.922780e-01	-2.925544e-11
1.242421874999998e-08	0.000000e+00	0.000000e+00	3.863570e-01	-2.926729e-11
1.246328124999998e-08	0.000000e+00	0.000000e+00	3.806122e-01	-2.927877e-11
1.250234374999998e-08	0.000000e+00	0.000000e+00	3.750357e-01	-2.928993e-11
1.254140624999998e-08	0.000000e+00	0.000000e+00	3.696203e-01	-2.930076e-11
1.258046874999998e-08	0.000000e+00	0.000000e+00	3.643591e-01	-2.931128e-11
1.261953124999998e-08	0.000000e+00	0.000000e+00	3.592455e-01	-2.932151e-11
1.265859374999998e-08	0.000000e+00	0.000000e+00	3.542736e-01	-2.933145e-11
1.269765624999998e-08	0.000000e+00	0.000000e+00	3.494373e-01	-2.934112e-11
1.273671874999998e-08	0.000000e+00	0.000000e+00	3.447314e-01	-2.935054e-11
1.277578124999998e-08	0.000000e+00	0.000000e+00	3.401505e-01	-2.935970e-11
1.281484374999998e-08	0.000000e+00	0.000000e+00	3.356898e-01	-2.936862e-11
1.285390624999997e-08	0.000000e+00	0.000000e+00	3.313446e-01	-2.937731e-11
1.289296874999997e-08	0.000000e+00	0.000000e+00	3.271104e-01	-2.938578e-11
1.293203124999997e-08	0.000000e+00	0.000000e+00	3.229831e-01	-2.939403e-11
1.297109374999997e-08	0.000000e+00	0.000000e+00	3.189587e-01	-2.940208e-11
1.301015624999997e-08	0.000000e+00	0.000000e+00	3.150333e-01	-2.940993e-11
1.304921874999997e-08	0.000000e+00	0.000000e+00	3.112034e-01	-2.941759e-11
1.308828124999997e-08	0.000000e+00	0.000000e+00	3.074655e-01	-2.942507e-11
1.312734374999997e-08	0.000000e+00	0.000000e+00	3.038163e-01	-2.943237e-11
1.316640624999997e-08	0.000000e+00	0.000000e+00	3.002528e-01	-2.943949e-11
1.320546874999997e-08	0.000000e+00	0.000000e+00	2.967719e-01	-2.944646e-11
1.324453124999997e-08	0.000000e+00	0.000000e+00	2.933707e-01	-2.945326e-11
1.328359374999997e-08	0.000000e+00	0.000000e+00	2.900467e-01	-2.945991e-11
1.332265624999997e-08	0.000000e+00	0.000000e+00	2.867971e-01	-2.946641e-11
1.336171874999997e-08	0.000000e+00	0.000000e+00	2.836196e-01	-2.947276e-11
1.340078124999997e-08	0.000000e+00	0.000000e+00	2.805116e-01	-2.947897e-11
1.343984374999997e-08	0.000000e+00	0.000000e+00	2.774711e-01	-2.948506e-11
1.347890624999997e-08	0.000000e+00	0.000000e+00	2.744958e-01	-2.949101e-11
1.351796874999997e-08	0.000000e+00	0.000000e+00	2.715836e-01	-2.949683e-11
1.355703124999997e-08	0.000000e+00	0.000000e+00	2.687325e-01	-2.950254e-11
1.359609374999997e-08	0.000000e+00	0.000000e+00	2.659408e-01	-2.950812e-11
1.363515624999997e-08	0.000000e+00	0.000000e+00	2.632064e-01	-2.951359e-11
1.367421874999997e-08	0.000000e+00	0.000000e+00	2.605277e-01	-2.951894e-11
1.371328124999997e-08	0.000000e+00	0.000000e+00	2.579029e-01	-2.952419e-11
1.375234374999997e-08	0.000000e+00	0.000000e+00	2.553305e-01	-2.952934e-11
1.379140624999997e-08	0.000000e+00	0.000000e+00	2.528090e-01	-2.953438e-11
1.383046874999997e-08	0.000000e+00	0.000000e+00	2.503367e-01	-2.953933e-11
1.386953124999997e-08	0.000000e+00	0.000000e+00	2.479124e-01	-2.954418e-11
1.390859374999996e-08	0.000000e+00	0.000000e+00	2.455345e-01	-2.954893e-11
1.394765624999996e-08	0.000000e+00	0.000000e+00	2.432019e-01	-2.955360e-11
1.398671874999996e-08	0.000000e+00	0.000000e+00	2.409131e-01	-2.955817e-11
1.402578124999996e-08	0.000000e+00	0.000000e+00	2.386670e-01	-2.956266e-11
1.406484374999996e-08	0.000000e+00	0.000000e+00	2.364624e-01	-2.956707e-11
1.410390624999996e-08	0.000000e+00	0.000000e+00	2.342982e-01	-2.957140e-11
1.414296874999996e-08	0.000000e+00	0.000000e+00	2.321732e-01	-2.957565e-11
1.418203124999996e-08	0.000000e+00	0.000000e+00	2.300865e-01	-2.957982e-11
1.422109374999996e-08	0.000000e+00	0.000000e+00	2.280369e-01	-2.958393e-11
1.426015624999996e-08	0.000000e+00	0.000000e+00	2.260235e-01	-2.958795e-11
1.429921874999996e-08	0.000000e+00	0.000000e+00	2.240454e-01	-2.959191e-11
1.433828124999996e-08	0.000000e+00	0.000000e+00	2.221015e-01	-2.959579e-11
1.437734374999996e-08	0.000000e+00	0.000000e+00	2.201912e-01	-2.959962e-11
1.441640624999996e-08	0.000000e+00	0.000000e+00	2.183134e-01	-2.960337e-11
1.445546874999996e-08	0.000000e+00	0.000000e+00	2.164673e-01	-2.960706e-11
1.449453124999996e-08	0.000000e+00	0.000000e+00	2.146523e-01	-2.961070e-11
1.453359374999996e-08	0.000000e+00	0.000000e+00	2.128674e-01	-2.961427e-11
1.457265624999996e-08	0.000000e+00	0.000000e+00	2.111119e-01	-2.961778e-11
1.461171874999996e-08	0.000000e+00	0.000000e+00	2.093852e-01	-2.962123e-11
1.465078124999996e-08	0.000000e+00	0.000000e+00	2.076865e-01	-2.962463e-11
1.468984374999996e-08	0.000000e+00	0.000000e+00	2.060151e-01	-2.962797e-11
1.472890624999996e-08	0.000000e+00	0.000000e+00	2.043704e-01	-2.963126e-11
1.476796874999996e-08	0.000000e+00	0.000000e+00	2.027518e-01	-2.963450e-11
1.480703124999996e-08	0.000000e+00	0.000000e+00	2.011586e-01	-2.963768e-11
1.484609374999996e-08	0.000000e+00	0.000000e+00	1.995903e-01	-2.964082e-11
1.488515624999996e-08	0.000000e+00	0.000000e+00	1.980462e-01	-2.964391e-11
1.492421874999995e-08	0.000000e+00	0.000000e+00	1.965258e-01	-2.964695e-11
1.496328124999995e-08	0.000000e+00	0.000000e+00	1.950286e-01	-2.964994e-11
1.500000000000000e-08	0.000000e+00	0.000000e+00	1.936419e-01	-2.965271e-11
1.500390625000000e-08	0.000000e+00	1.953125e-01	1.936419e-01	-5.756104e-11
1.501171875000000e-08	0.000000e+00	5.859375e-01	1.942413e-01	-1.534289e-06
1.502734375000000e-08	0.000000e+00	1.367188e+00	2.059736e-01	-1.348419e-05
1.505859375000000e-08	0.000000e+00	2.929688e+00	3.324422e-01	-6.745686e-05
1.509038593324497e-08	0.000000e+00	4.519297e+00	6.560757e-01	-1.361362e-04
1.510000000000000e-08	0.000000e+00	5.000000e+00	7.915751e-01	-1.457410e-04
1.510390625000000e-08	0.000000e+00	5.000000e+00	8.473210e-01	-1.427093e-04
1.511171875000000e-08	0.000000e+00	5.000000e+00	9.564916e-01	-1.367675e-04
1.512734375000000e-08	0.000000e+00	5.000000e+00	1.161493e+00	-1.256320e-04
1.515859375000000e-08	0.000000e+00	5.000000e+00	1.523816e+00	-1.062379e-04
1.519765625000000e-08	0.000000e+00	5.000000e+00	1.900950e+00	-8.681926e-05
1.523671875000000e-08	0.000000e+00	5.000000e+00	2.210704e+00	-7.174907e-05
1.527578125000000e-08	0.000000e+00	5.000000e+00	2.468028e+00	-5.999867e-05
1.531484375000000e-08	0.000000e+00	5.000000e+00	2.684315e+00	-5.074809e-05
1.535390625000000e-08	0.000000e+00	5.000000e+00	2.868147e+00	-4.338218e-05
1.539296875000000e-08	0.000000e+00	5.000000e+00	3.026004e+00	-3.744799e-05
1.543203125000000e-08	0.000000e+00	5.000000e+00	3.162831e+00	-3.261258e-05
1.547109375000000e-08	0.000000e+00	5.000000e+00	3.282437e+00	-2.862989e-05
1.551015625000000e-08	0.000000e+00	5.000000e+00	3.387794e+00	-2.531642e-05
1.554921875000000e-08	0.000000e+00	5.000000e+00	3.481248e+00	-2.253400e-05
1.558828124999999e-08	0.000000e+00	5.000000e+00	3.564665e+00	-2.017741e-05
1.562734374999999e-08	0.000000e+00	5.000000e+00	3.639551e+00	-1.816564e-05
1.566640624999999e-08	0.000000e+00	5.000000e+00	3.707130e+00	-1.643573e-05
1.570546874999999e-08	0.000000e+00	5.000000e+00	3.768406e+00	-1.493817e-05
1.574453124999999e-08	0.000000e+00	5.000000e+00	3.824209e+00	-1.363372e-05
1.578359374999999e-08	0.000000e+00	5.000000e+00	3.875233e+00	-1.249097e-05
1.582265624999999e-08	0.000000e+00	5.000000e+00	3.922060e+00	-1.148456e-05
1.586171874999999e-08	0.000000e+00	5.000000e+00	3.965181e+00	-1.059385e-05
1.590078124999999e-08	0.000000e+00	5.000000e+00	4.005016e+00	-9.801944e-06
1.593984374999999e-08	0.000000e+00	5.000000e+00	4.041923e+00	-9.094873e-06
1.597890624999999e-08	0.000000e+00	5.000000e+00	4.076212e+00	-8.461039e-06
1.601796874999999e-08	0.000000e+00	5.000000e+00	4.108149e+00	-7.890744e-06
1.605703124999999e-08	0.000000e+00	5.000000e+00	4.137966e+00	-7.375830e-06
1.609609374999999e-08	0.000000e+00	5.000000e+00	4.165866e+00	-6.909399e-06
1.613515624999999e-08	0.000000e+00	5.000000e+00	4.192028e+00	-6.485587e-06
1.617421874999999e-08	0.000000e+00	5.000000e+00	4.216608e+00	-6.099387e-06
1.621328124999999e-08	0.000000e+00	5.000000e+00	4.239744e+00	-5.746500e-06
1.625234374999999e-08	0.000000e+00	5.000000e+00	4.261560e+00	-5.423222e-06
1.629140624999999e-08	0.000000e+00	5.000000e+00	4.282165e+00	-5.126347e-06
1.633046874999999e-08	0.000000e+00	5.000000e+00	4.301655e+00	-4.853089e-06
1.636953124999999e-08	0.000000e+00	5.000000e+00	4.320120e+00	-4.601019e-06
1.640859374999999e-08	0.000000e+00	5.000000e+00	4.337638e+00	-4.368010e-06
1.644765624999999e-08	0.000000e+00	5.000000e+00	4.354279e+00	-4.152196e-06
1.648671874999999e-08	0.000000e+00	5.000000e+00	4.370107e+00	-3.951931e-06
1.652578124999999e-08	0.000000e+00	5.000000e+00	4.385180e+00	-3.765763e-06
1.656484374999999e-08	0.000000e+00	5.000000e+00	4.399552e+00	-3.592404e-06
1.660390624999999e-08	0.000000e+00	5.000000e+00	4.413269e+00	-3.430707e-06
1.664296874999998e-08	0.000000e+00	5.000000e+00	4.426374e+00	-3.279654e-06
1.668203124999998e-08	0.000000e+00	5.000000e+00	4.438910e+00	-3.138334e-06
1.672109374999998e-08	0.000000e+00	5.000000e+00	4.450910e+00	-3.005929e-06
1.676015624999998e-08	0.000000e+00	5.000000e+00	4.462409e+00	-2.881707e-06
1.679921874999998e-08	0.000000e+00	5.000000e+00	4.473438e+00	-2.765011e-06
1.683828124999998e-08	0.000000e+00	5.000000e+00	4.484024e+00	-2.655244e-06
1.687734374999998e-08	0.000000e+00	5.000000e+00	4.494194e+00	-2.551871e-06
1.691640624999998e-08	0.000000e+00	5.000000e+00	4.503972e+00	-2.454406e-06
1.695546874999998e-08	0.000000e+00	5.000000e+00	4.513380e+00	-2.362407e-06
1.699453124999998e-08	0.000000e+00	5.000000e+00	4.522438e+00	-2.275475e-06
1.703359374999998e-08	0.000000e+00	5.000000e+00	4.531166e+00	-2.193245e-06
1.707265624999998e-08	0.000000e+00	5.000000e+00	4.539581e+00	-2.115384e-06
1.711171874999998e-08	0.000000e+00	5.000000e+00	4.547700e+00	-2.041590e-06
1.715078124999998e-08	0.000000e+00	5.000000e+00	4.555538e+00	-1.971583e-06
1.718984374999998e-08	0.000000e+00	5.000000e+00	4.563109e+00	-1.905110e-06
1.722890624999998e-08	0.000000e+00	5.000000e+00	4.570428e+00	-1.841938e-06
1.726796874999998e-08	0.000000e+00	5.000000e+00	4.577506e+00	-1.781851e-06
1.730703124999998e-08	0.000000e+00	5.000000e+00	4.584354e+00	-1.724652e-06
1.734609374999998e-08	0.000000e+00	5.000000e+00	4.590984e+00	-1.670160e-06
1.738515624999998e-08	0.000000e+00	5.000000e+00	4.597407e+00	-1.618206e-06
1.742421874999998e-08	0.000000e+00	5.000000e+00	4.603631e+00	-1.568636e-06
1.746328124999998e-08	0.000000e+00	5.000000e+00	4.609666e+00	-1.521306e-06
1.750234374999998e-08	0.000000e+00	5.000000e+00	4.615520e+00	-1.476083e-06
1.754140624999998e-08	0.000000e+00	5.000000e+00	4.621202e+00	-1.432845e-06
1.758046874999998e-08	0.000000e+00	5.000000e+00	4.626718e+00	-1.391476e-06
1.761953124999998e-08	0.000000e+00	5.000000e+00	4.632076e+00	-1.351872e-06
1.765859374999998e-08	0.000000e+00	5.000000e+00	4.637282e+00	-1.313932e-06
1.769765624999997e-08	0.000000e+00	5.000000e+00	4.642344e+00	-1.277566e-06
1.773671874999997e-08	0.000000e+00	5.000000e+00	4.647266e+00	-1.242687e-06
1.777578124999997e-08	0.000000e+00	5.000000e+00	4.652055e+00	-1.209215e-06
1.781484374999997e-08	0.000000e+00	5.000000e+00	4.656715e+00	-1.177077e-06
1.785390624999997e-08	0.000000e+00	5.000000e+00	4.661252e+00	-1.146201e-06
1.789296874999997e-08	0.000000e+00	5.000000e+00	4.665672e+00	-1.116523e-06
1.793203124999997e-08	0.000000e+00	5.000000e+00	4.669978e+00	-1.087983e-06
1.797109374999997e-08	0.000000e+00	5.000000e+00	4.674174e+00	-1.060521e-06
1.801015624999997e-08	0.000000e+00	5.000000e+00	4.678265e+00	-1.034085e-06
1.804921874999997e-08	0.000000e+00	5.000000e+00	4.682254e+00	-1.008625e-06
1.808828124999997e-08	0.000000e+00	5.000000e+00	4.686146e+00	-9.840929e-07
1.812734374999997e-08	0.000000e+00	5.000000e+00	4.689944e+00	-9.604441e-07
1.816640624999997e-08	0.000000e+00	5.000000e+00	4.693651e+00	-9.376369e-07
1.820546874999997e-08	0.000000e+00	5.000000e+00	4.697270e+00	-9.156319e-07
1.824453124999997e-08	0.000000e+00	5.000000e+00	4.700806e+00	-8.943919e-07
1.828359374999997e-08	0.000000e+00	5.000000e+00	4.704259e+00	-8.738820e-07
1.832265624999997e-08	0.000000e+00	5.000000e+00	4.707634e+00	-8.540689e-07
1.836171874999997e-08	0.000000e+00	5.000000e+00	4.710933e+00	-8.349216e-07
1.840078124999997e-08	0.000000e+00	5.000000e+00	4.714158e+00	-8.164106e-07
1.843984374999997e-08	0.000000e+00	5.000000e+00	4.717312e+00	-7.985080e-07
1.847890624999997e-08	0.000000e+00	5.000000e+00	4.720397e+00	-7.811875e-07
1.851796874999997e-08	0.000000e+00	5.000000e+00	4.723416e+00	-7.644240e-07
1.855703124999997e-08	0.000000e+00	5.000000e+00	4.726370e+00	-7.481941e-07
1.859609374999997e-08	0.000000e+00	5.000000e+00	4.729262e+00	-7.324753e-07
1.863515624999997e-08	0.000000e+00	5.000000e+00	4.732093e+00	-7.172463e-07
1.867421874999997e-08	0.000000e+00	5.000000e+00	4.734866e+00	-7.024872e-07
1.871328124999996e-08	0.000000e+00	5.000000e+00	4.737582e+00	-6.881787e-07
1.875234374999996e-08	0.000000e+00	5.000000e+00	4.740243e+00	-6.743026e-07
1.879140624999996e-08	0.000000e+00	5.000000e+00	4.742850e+00	-6.608418e-07
1.883046874999996e-08	0.000000e+00	5.000000e+00	4.745406e+00	-6.477799e-07
1.886953124999996e-08	0.000000e+00	5.000000e+00	4.747912e+00	-6.351012e-07
1.890859374999996e-08	0.000000e+00	5.000000e+00	4.750369e+00	-6.227909e-07
1.894765624999996e-08	0.000000e+00	5.000000e+00	4.752778e+00	-6.108349e-07
1.898671874999996e-08	0.000000e+00	5.000000e+00	4.755141e+00	-5.992198e-07
1.902578124999996e-08	0.000000e+00	5.000000e+00	4.757460e+00	-5.879327e-07
1.906484374999996e-08	0.000000e+00	5.000000e+00	4.759735e+00	-5.769613e-07
1.910390624999996e-08	0.000000e+00	5.000000e+00	4.761968e+00	-5.662941e-07
1.914296874999996e-08	0.000000e+00	5.000000e+00	4.764159e+00	-5.559198e-07
1.918203124999996e-08	0.000000e+00	5.000000e+00	4.766311e+00	-5.458279e-07
1.922109374999996e-08	0.000000e+00	5.000000e+00	4.768424e+00	-5.360082e-07
1.926015624999996e-08	0.000000e+00	5.000000e+00	4.770499e+00	-5.264510e-07
1.929921874999996e-08	0.000000e+00	5.000000e+00	4.772537e+00	-5.171470e-07
1.933828124999996e-08	0.000000e+00	5.000000e+00	4.774539e+00	-5.080875e-07
1.937734374999996e-08	0.000000e+00	5.000000e+00	4.776506e+00	-4.992638e-07
1.941640624999996e-08	0.000000e+00	5.000000e+00	4.778440e+00	-4.906679e-07
1.945546874999996e-08	0.000000e+00	5.000000e+00	4.780340e+00	-4.822920e-07
1.949453124999996e-08	0.000000e+00	5.000000e+00	4.782208e+00	-4.741287e-07
1.953359374999996e-08	0.000000e+00	5.000000e+00	4.784044e+00	-4.661708e-07
1.957265624999996e-08	0.000000e+00	5.000000e+00	4.785850e+00	-4.584116e-07
1.961171874999996e-08	0.000000e+00	5.000000e+00	4.787626e+00	-4.508443e-07
1.965078124999996e-08	0.000000e+00	5.000000e+00	4.789372e+00	-4.434629e-07
1.968984374999996e-08	0.000000e+00	5.000000e+00	4.791090e+00	-4.362612e-07
1.972890624999996e-08	0.000000e+00	5.000000e+00	4.792781e+00	-4.292334e-07
1.976796874999995e-08	0.000000e+00	5.000000e+00	4.794444e+00	-4.223741e-07
1.980703124999995e-08	0.000000e+00	5.000000e+00	4.796081e+00	-4.156778e-07
1.984609374999995e-08	0.000000e+00	5.000000e+00	4.797692e+00	-4.091395e-07
1.988515624999995e-08	0.000000e+00	5.000000e+00	4.799277e+00	-4.027542e-07
1.992421874999995e-08	0.000000e+00	5.000000e+00	4.800838e+00	-3.965171e-07
1.996328124999995e-08	0.000000e+00	5.000000e+00	4.802375e+00	-3.904238e-07
2.000000000000000e-08	0.000000e+00	5.000000e+00	4.803798e+00	-3.848232e-07
2.000390625000000e-08	0.000000e+00	4.804688e+00	4.803798e+00	-2.833872e-11
2.001171875000000e-08	0.000000e+00	4.414062e+00	4.803207e+00	-2.043358e-11
2.002734375000000e-08	0.000000e+00	3.632812e+00	4.791535e+00	-2.045693e-11
2.005859375000000e-08	0.000000e+00	2.070312e+00	4.665337e+00	-2.070932e-11
2.009765625000000e-08	0.000000e+00	1.171875e-01	4.207240e+00	-2.162579e-11
2.010000000000000e-08	0.000000e+00	0.000000e+00	4.167295e+00	-2.170541e-11
2.010390625000000e-08	0.000000e+00	0.000000e+00	4.101579e+00	-2.183684e-11
2.011171875000000e-08	0.000000e+00	0.000000e+00	3.974168e+00	-2.209167e-11
2.012734375000000e-08	0.000000e+00	0.000000e+00	3.741420e+00	-2.255717e-11
2.015859375000000e-08	0.000000e+00	0.000000e+00	3.347677e+00	-2.334479e-11
2.019765625000000e-08	0.000000e+00	0.000000e+00	2.957998e+00	-2.412400e-11
2.023671875000000e-08	0.000000e+00	0.000000e+00	2.650070e+00	-2.474010e-11
2.027578125000000e-08	0.000000e+00	0.000000e+00	2.400550e+00	-2.523902e-11
2.031484375000000e-08	0.000000e+00	0.000000e+00	2.194078e+00	-2.565191e-11
2.035390625000000e-08	0.000000e+00	0.000000e+00	2.020386e+00	-2.599927e-11
2.039296875000000e-08	0.000000e+00	0.000000e+00	1.872232e+00	-2.629556e-11
2.043203125000000e-08	0.000000e+00	0.000000e+00	1.744362e+00	-2.655129e-11
2.047109375000000e-08	0.000000e+00	0.000000e+00	1.632870e+00	-2.677427e-11
2.051015625000000e-08	0.000000e+00	0.000000e+00	1.534795e+00	-2.697042e-11
2.054921875000000e-08	0.000000e+00	0.000000e+00	1.447851e+00	-2.714430e-11
2.058828125000000e-08	0.000000e+00	0.000000e+00	1.370241e+00	-2.729952e-11
2.062734375000000e-08	0.000000e+00	0.000000e+00	1.300538e+00	-2.743893e-11
2.066640625000000e-08	0.000000e+00	0.000000e+00	1.237590e+00	-2.756482e-11
2.070546875000000e-08	0.000000e+00	0.000000e+00	1.180460e+00	-2.767908e-11
2.074453125000000e-08	0.000000e+00	0.000000e+00	1.128377e+00	-2.778325e-11
2.078359374999999e-08	0.000000e+00	0.000000e+00	1.080699e+00	-2.787860e-11
2.082265624999999e-08	0.000000e+00	0.000000e+00	1.036891e+00	-2.796622e-11
2.086171874999999e-08	0.000000e+00	0.000000e+00	9.964976e-01	-2.804700e-11
2.090078124999999e-08	0.000000e+00	0.000000e+00	9.591357e-01	-2.812173e-11
2.093984374999999e-08	0.000000e+00	0.000000e+00	9.244760e-01	-2.819105e-11
2.097890624999999e-08	0.000000e+00	0.000000e+00	8.922352e-01	-2.825553e-11
2.101796874999999e-08	0.000000e+00	0.000000e+00	8.621687e-01	-2.831566e-11
2.105703124999999e-08	0.000000e+00	0.000000e+00	8.340635e-01	-2.837187e-11
2.109609374999999e-08	0.000000e+00	0.000000e+00	8.077337e-01	-2.842453e-11
2.113515624999999e-08	0.000000e+00	0.000000e+00	7.830160e-01	-2.847397e-11
2.117421874999999e-08	0.000000e+00	0.000000e+00	7.597669e-01	-2.852047e-11
2.121328124999999e-08	0.000000e+00	0.000000e+00	7.378592e-01	-2.856428e-11
2.125234374999999e-08	0.000000e+00	0.000000e+00	7.171800e-01	-2.860564e-11
2.129140624999999e-08	0.000000e+00	0.000000e+00	6.976286e-01	-2.864474e-11
2.133046874999999e-08	0.000000e+00	0.000000e+00	6.791154e-01	-2.868177e-11
2.136953124999999e-08	0.000000e+00	0.000000e+00	6.615596e-01	-2.871688e-11
2.140859374999999e-08	0.000000e+00	0.000000e+00	6.448889e-01	-2.875022e-11
2.144765624999999e-08	0.000000e+00	0.000000e+00	6.290379e-01	-2.878192e-11
2.148671874999999e-08	0.000000e+00	0.000000e+00	6.139477e-01	-2.881210e-11
2.152578124999999e-08	0.000000e+00	0.000000e+00	5.995648e-01	-2.884087e-11
2.156484374999999e-08	0.000000e+00	0.000000e+00	5.858405e-01	-2.886832e-11
2.160390624999999e-08	0.000000e+00	0.000000e+00	5.727306e-01	-2.889454e-11
2.164296874999999e-08	0.000000e+00	0.000000e+00	5.601947e-01	-2.891961e-11
2.168203124999999e-08	0.000000e+00	0.000000e+00	5.481960e-01	-2.894361e-11
2.172109374999999e-08	0.000000e+00	0.000000e+00	5.367006e-01	-2.896660e-11
2.176015624999999e-08	0.000000e+00	0.000000e+00	5.256775e-01	-2.898864e-11
2.179921874999999e-08	0.000000e+00	0.000000e+00	5.150982e-01	-2.900980e-11
2.183828124999998e-08	0.000000e+00	0.000000e+00	5.049364e-01	-2.903013e-11
2.187734374999998e-08	0.000000e+00	0.000000e+00	4.951678e-01	-2.904966e-11
2.191640624999998e-08	0.000000e+00	0.000000e+00	4.857701e-01	-2.906846e-11
2.195546874999998e-08	0.000000e+00	0.000000e+00	4.767226e-01	-2.908655e-11
2.199453124999998e-08	0.000000e+00	0.000000e+00	4.680059e-01	-2.910399e-11
2.203359374999998e-08	0.000000e+00	0.000000e+00	4.596024e-01	-2.912080e-11
2.207265624999998e-08	0.000000e+00	0.000000e+00	4.514953e-01	-2.913701e-11
2.211171874999998e-08	0.000000e+00	0.000000e+00	4.436694e-01	-2.915266e-11
2.215078124999998e-08	0.000000e+00	0.000000e+00	4.361101e-01	-2.916778e-11
2.218984374999998e-08	0.000000e+00	0.000000e+00	4.288042e-01	-2.918239e-11
2.222890624999998e-08	0.000000e+00	0.000000e+00	4.217391e-01	-2.919652e-11
2.226796874999998e-08	0.000000e+00	0.000000e+00	4.149030e-01	-2.921019e-11
2.230703124999998e-08	0.000000e+00	0.000000e+00	4.082851e-01	-2.922343e-11
2.234609374999998e-08	0.000000e+00	0.000000e+00	4.018749e-01	-2.923625e-11
2.238515624999998e-08	0.000000e+00	0.000000e+00	3.956630e-01	-2.924867e-11
2.242421874999998e-08	0.000000e+00	0.000000e+00	3.896402e-01	-2.926072e-11
2.246328124999998e-08	0.000000e+00	0.000000e+00	3.837980e-01	-2.927240e-11
2.250234374999998e-08	0.000000e+00	0.000000e+00	3.781285e-01	-2.928374e-11
2.254140624999998e-08	0.000000e+00	0.000000e+00	3.726240e-01	-2.929475e-11
2.258046874999998e-08	0.000000e+00	0.000000e+00	3.672776e-01	-2.930544e-11
2.261953124999998e-08	0.000000e+00	0.000000e+00	3.620824e-01	-2.931583e-11
2.265859374999998e-08	0.000000e+00	0.000000e+00	3.570321e-01	-2.932593e-11
2.269765624999998e-08	0.000000e+00	0.000000e+00	3.521208e-01	-2.933576e-11
2.273671874999998e-08	0.000000e+00	0.000000e+00	3.473428e-01	-2.934531e-11
2.277578124999998e-08	0.000000e+00	0.000000e+00	3.426927e-01	-2.935461e-11
2.281484374999998e-08	0.000000e+00	0.000000e+00	3.381655e-01	-2.936367e-11
2.285390624999997e-08	0.000000e+00	0.000000e+00	3.337564e-01	-2.937249e-11
2.289296874999997e-08	0.000000e+00	0.000000e+00	3.294607e-01	-2.938108e-11
2.293203124999997e-08	0.000000e+00	0.000000e+00	3.252743e-01	-2.938945e-11
2.297109374999997e-08	0.000000e+00	0.000000e+00	3.211929e-01	-2.939761e-11
2.301015624999997e-08	0.000000e+00	0.000000e+00	3.172127e-01	-2.940558e-11
2.304921874999997e-08	0.000000e+00	0.000000e+00	3.133299e-01	-2.941334e-11
2.308828124999997e-08	0.000000e+00	0.000000e+00	3.095411e-01	-2.942092e-11
2.312734374999997e-08	0.000000e+00	0.000000e+00	3.058428e-01	-2.942831e-11
2.316640624999997e-08	0.000000e+00	0.000000e+00	3.022318e-01	-2.943554e-11
2.320546874999997e-08	0.000000e+00	0.000000e+00	2.987051e-01	-2.944259e-11
2.324453124999997e-08	0.000000e+00	0.000000e+00	2.952597e-01	-2.944948e-11
2.328359374999997e-08	0.000000e+00	0.000000e+00	2.918930e-01	-2.945621e-11
2.332265624999997e-08	0.000000e+00	0.000000e+00	2.886021e-01	-2.946279e-11
2.336171874999997e-08	0.000000e+00	0.000000e+00	2.853847e-01	-2.946923e-11
2.340078124999997e-08	0.000000e+00	0.000000e+00	2.822382e-01	-2.947552e-11
2.343984374999997e-08	0.000000e+00	0.000000e+00	2.791603e-01	-2.948168e-11
2.347890624999997e-08	0.000000e+00	0.000000e+00	2.761489e-01	-2.948770e-11
2.351796874999997e-08	0.000000e+00	0.000000e+00	2.732017e-01	-2.949360e-11
2.355703124999997e-08	0.000000e+00	0.000000e+00	2.703167e-01	-2.949936e-11
2.359609374999997e-08	0.000000e+00	0.000000e+00	2.674921e-01	-2.950502e-11
2.363515624999997e-08	0.000000e+00	0.000000e+00	2.647259e-01	-2.951055e-11
2.367421874999997e-08	0.000000e+00	0.000000e+00	2.620163e-01	-2.951597e-11
2.371328124999997e-08	0.000000e+00	0.000000e+00	2.593617e-01	-2.952128e-11
2.375234374999997e-08	0.000000e+00	0.000000e+00	2.567602e-01	-2.952648e-11
2.379140624999997e-08	0.000000e+00	0.000000e+00	2.542105e-01	-2.953158e-11
2.383046874999997e-08	0.000000e+00	0.000000e+00	2.517109e-01	-2.953658e-11
2.386953124999997e-08	0.000000e+00	0.000000e+00	2.492600e-01	-2.954148e-11
2.390859374999996e-08	0.000000e+00	0.000000e+00	2.468563e-01	-2.954629e-11
2.394765624999996e-08	0.000000e+00	0.000000e+00	2.444986e-01	-2.955100e-11
2.398671874999996e-08	0.000000e+00	0.000000e+00	2.421855e-01	-2.955563e-11
2.402578124999996e-08	0.000000e+00	0.000000e+00	2.399157e-01	-2.956017e-11
2.406484374999996e-08	0.000000e+00	0.000000e+00	2.376881e-01	-2.956462e-11
2.410390624999996e-08	0.000000e+00	0.000000e+00	2.355015e-01	-2.956900e-11
2.414296874999996e-08	0.000000e+00	0.000000e+00	2.333547e-01	-2.957329e-11
2.418203124999996e-08	0.000000e+00	0.000000e+00	2.312468e-01	-2.957751e-11
2.422109374999996e-08	0.000000e+00	0.000000e+00	2.291766e-01	-2.958165e-11
2.426015624999996e-08	0.000000e+00	0.000000e+00	2.271431e-01	-2.958571e-11
2.429921874999996e-08	0.000000e+00	0.000000e+00	2.251454e-01	-2.958971e-11
2.433828124999996e-08	0.000000e+00	0.000000e+00	2.231825e-01	-2.959363e-11
2.437734374999996e-08	0.000000e+00	0.000000e+00	2.212536e-01	-2.959749e-11
2.441640624999996e-08	0.000000e+00	0.000000e+00	2.193577e-01	-2.960128e-11
2.445546874999996e-08	0.000000e+00	0.000000e+00	2.174940e-01	-2.960501e-11
2.449453124999996e-08	0.000000e+00	0.000000e+00	2.156618e-01	-2.960868e-11
2.453359374999996e-08	0.000000e+00	0.000000e+00	2.138601e-01	-2.961228e-11
2.457265624999996e-08	0.000000e+00	0.000000e+00	2.120883e-01	-2.961582e-11
2.461171874999996e-08	0.000000e+00	0.000000e+00	2.103456e-01	-2.961931e-11
2.465078124999996e-08	0.000000e+00	0.000000e+00	2.086314e-01	-2.962274e-11
2.468984374999996e-08	0.000000e+00	0.000000e+00	2.069448e-01	-2.962611e-11
2.472890624999996e-08	0.000000e+00	0.000000e+00	2.052853e-01	-2.962943e-11
2.476796874999996e-08	0.000000e+00	0.000000e+00	2.036522e-01	-2.963270e-11
2.480703124999996e-08	0.000000e+00	0.000000e+00	2.020449e-01	-2.963591e-11
2.484609374999996e-08	0.000000e+00	0.000000e+00	2.004628e-01	-2.963907e-11
2.488515624999996e-08	0.000000e+00	0.000000e+00	1.989052e-01	-2.964219e-11
2.492421874999996e-08	0.000000e+00	0.000000e+00	1.973717e-01	-2.964526e-11
2.496328124999995e-08	0.000000e+00	0.000000e+00	1.958616e-01	-2.964828e-11
2.500000000000000e-08	0.000000e+00	0.000000e+00	1.944631e-01	-2.965107e-11
2.500390625000000e-08	1.953125e-01	0.000000e+00	1.944644e-01	-3.814992e-07
2.501171875000000e-08	5.859375e-01	0.000000e+00	1.956572e-01	-3.433257e-06
2.502734375000000e-08	1.367188e+00	0.000000e+00	2.122930e-01	-1.869204e-05
2.505859375000000e-08	2.929688e+00	0.000000e+00	3.727379e-01	-4.286195e-05
2.508820350714996e-08	4.410175e+00	0.000000e+00	7.767692e-01	-3.478946e-06
2.510000000000000e-08	5.000000e+00	0.000000e+00	1.029138e+00	-1.399086e-11
2.510341916830762e-08	5.000000e+00	0.000000e+00	1.110402e+00	-1.390960e-11
2.511025750492286e-08	5.000000e+00	0.000000e+00	1.271616e+00	-1.374838e-11
2.512393417815334e-08	5.000000e+00	0.000000e+00	1.585290e+00	-1.343471e-11
2.515128752461429e-08	5.000000e+00	0.000000e+00	2.170354e+00	-1.284967e-11
2.519035002461429e-08	5.000000e+00	0.000000e+00	2.891867e+00	-1.212836e-11
2.522941252461429e-08	5.000000e+00	0.000000e+00	3.470151e+00	-1.154985e-11
2.526847502461429e-08	5.000000e+00	0.000000e+00	3.912536e+00	-1.110746e-11
2.530753752461428e-08	5.000000e+00	0.000000e+00	4.239134e+00	-1.078087e-11
2.534660002461428e-08	5.000000e+00	0.000000e+00	4.473799e+00	-1.054620e-11
2.538566252461428e-08	5.000000e+00	0.000000e+00	4.639108e+00	-1.038089e-11
2.542472502461428e-08	5.000000e+00	0.000000e+00	4.753971e+00	-1.026607e-11
2.546378752461428e-08	5.000000e+00	0.000000e+00	4.832990e+00	-1.018702e-11
2.550285002461428e-08	5.000000e+00	0.000000e+00	4.886935e+00	-1.013295e-11
2.554191252461428e-08	5.000000e+00	0.000000e+00	4.923595e+00	-1.009589e-11
2.558097502461428e-08	5.000000e+00	0.000000e+00	4.948432e+00	-1.007021e-11
2.562003752461428e-08	5.000000e+00	0.000000e+00	4.965225e+00	-1.005217e-11
2.565910002461428e-08	5.000000e+00	0.000000e+00	4.976562e+00	-1.003940e-11
2.569816252461428e-08	5.000000e+00	0.000000e+00	4.984209e+00	-1.003036e-11
2.573722502461428e-08	5.000000e+00	0.000000e+00	4.989364e+00	-1.002401e-11
2.577628752461428e-08	5.000000e+00	0.000000e+00	4.992837e+00	-1.001958e-11
2.581535002461428e-08	5.000000e+00	0.000000e+00	4.995177e+00	-1.001652e-11
2.585441252461428e-08	5.000000e+00	0.000000e+00	4.996752e+00	-1.001443e-11
2.589347502461428e-08	5.000000e+00	0.000000e+00	4.997813e+00	-1.001300e-11
2.593253752461428e-08	5.000000e+00	0.000000e+00	4.998528e+00	-1.001203e-11
2.597160002461428e-08	5.000000e+00	0.000000e+00	4.999009e+00	-1.001137e-11
2.601066252461428e-08	5.000000e+00	0.000000e+00	4.999333e+00	-1.001092e-11
2.604972502461428e-08	5.000000e+00	0.000000e+00	4.999551e+00	-1.001062e-11
2.608878752461428e-08	5.000000e+00	0.000000e+00	4.999698e+00	-1.001042e-11
2.612785002461428e-08	5.000000e+00	0.000000e+00	4.999796e+00	-1.001028e-11
2.616691252461428e-08	5.000000e+00	0.000000e+00	4.999863e+00	-1.001019e-11
2.620597502461428e-08	5.000000e+00	0.000000e+00	4.999907e+00	-1.001013e-11
2.624503752461428e-08	5.000000e+00	0.000000e+00	4.999938e+00	-1.001009e-11
2.628410002461428e-08	5.000000e+00	0.000000e+00	4.999958e+00	-1.001006e-11
2.632316252461428e-08	5.000000e+00	0.000000e+00	4.999972e+00	-1.001004e-11
2.636222502461427e-08	5.000000e+00	0.000000e+00	4.999981e+00	-1.001003e-11
2.640128752461427e-08	5.000000e+00	0.000000e+00	4.999987e+00	-1.001002e-11
2.644035002461427e-08	5.000000e+00	0.000000e+00	4.999991e+00	-1.001001e-11
2.647941252461427e-08	5.000000e+00	0.000000e+00	4.999994e+00	-1.001001e-11
2.651847502461427e-08	5.000000e+00	0.000000e+00	4.999996e+00	-1.001000e-11
2.655753752461427e-08	5.000000e+00	0.000000e+00	4.999997e+00	-1.001000e-11
2.659660002461427e-08	5.000000e+00	0.000000e+00	4.999998e+00	-1.001000e-11
2.663566252461427e-08	5.000000e+00	0.000000e+00	4.999999e+00	-1.001000e-11
2.667472502461427e-08	5.000000e+00	0.000000e+00	4.999999e+00	-1.001000e-11
2.671378752461427e-08	5.000000e+00	0.000000e+00	5.000000e+00	-1.001000e-11
2.675285002461427e-08	5.000000e+00	0.000000e+00	5.000000e+00	-1.001000e-11
2.679191252461427e-08	5.000000e+00	0.000000e+00	5.000000e+00	-1.001000e-11
2.683097502461427e-08	5.000000e+00	0.000000e+00	5.000000e+00	-1.001000e-11
2.687003752461427e-08	5.000000e+00	0.000000e+00	5.000000e+00	-1.001000e-11
2.690910002461427e-08	5.000000e+00	0.000000e+00	5.000000e+00	-1.001000e-11
2.694816252461427e-08	5.000000e+00	0.000000e+00	5.000000e+00	-1.001000e-11
2.698722502461427e-08	5.000000e+00	0.000000e+00	5.000000e+00	-1.001000e-11
2.702628752461427e-08	5.000000e+00	0.000000e+00	5.000000e+00	-1.001000e-11
2.706535002461427e-08	5.000000e+00	0.000000e+00	5.000000e+00	-1.001000e-11
2.710441252461427e-08	5.000000e+00	0.000000e+00	5.000000e+00	-1.001000e-11
2.714347502461427e-08	5.000000e+00	0.000000e+00	5.000000e+00	-1.001000e-11
2.718253752461427e-08	5.000000e+00	0.000000e+00	5.000000e+00	-1.001000e-11
2.722160002461427e-08	5.000000e+00	0.000000e+00	5.000000e+00	-1.001000e-11
2.726066252461427e-08	5.000000e+00	0.000000e+00	5.000000e+00	-1.001000e-11
2.729972502461427e-08	5.000000e+00	0.000000e+00	5.000000e+00	-1.001000e-11
2.733878752461427e-08	5.000000e+00	0.000000e+00	5.000000e+00	-1.001000e-11
2.737785002461427e-08	5.000000e+00	0.000000e+00	5.000000e+00	-1.001000e-11
2.741691252461426e-08	5.000000e+00	0.000000e+00	5.000000e+00	-1.001000e-11
2.745597502461426e-08	5.000000e+00	0.000000e+00	5.000000e+00	-1.001000e-11
2.749503752461426e-08	5.000000e+00	0.000000e+00	5.000000e+00	-1.001000e-11
2.753410002461426e-08	5.000000e+00	0.000000e+00	5.000000e+00	-1.001000e-11
2.757316252461426e-08	5.000000e+00	0.000000e+00	5.000000e+00	-1.001000e-11
2.761222502461426e-08	5.000000e+00	0.000000e+00	5.000000e+00	-1.001000e-11
2.765128752461426e-08	5.000000e+00	0.000000e+00	5.000000e+00	-1.001000e-11
2.769035002461426e-08	5.000000e+00	0.000000e+00	5.000000e+00	-1.001000e-11
2.772941252461426e-08	5.000000e+00	0.000000e+00	5.000000e+00	-1.001000e-11
2.776847502461426e-08	5.000000e+00	0.000000e+00	5.000000e+00	-1.001000e-11
2.780753752461426e-08	5.000000e+00	0.000000e+00	5.000000e+00	-1.001000e-11
2.784660002461426e-08	5.000000e+00	0.000000e+00	5.000000e+00	-1.001000e-11
2.788566252461426e-08	5.000000e+00	0.000000e+00	5.000000e+00	-1.001000e-11
2.792472502461426e-08	5.000000e+00	0.000000e+00	5.000000e+00	-1.001000e-11
2.796378752461426e-08	5.000000e+00	0.000000e+00	5.000000e+00	-1.001000e-11
2.800285002461426e-08	5.000000e+00	0.000000e+00	5.000000e+00	-1.001000e-11
2.804191252461426e-08	5.000000e+00	0.000000e+00	5.000000e+00	-1.001000e-11
2.808097502461426e-08	5.000000e+00	0.000000e+00	5.000000e+00	-1.001000e-11
2.812003752461426e-08	5.000000e+00	0.000000e+00	5.000000e+00	-1.001000e-11
2.815910002461426e-08	5.000000e+00	0.000000e+00	5.000000e+00	-1.001000e-11
2.819816252461426e-08	5.000000e+00	0.000000e+00	5.000000e+00	-1.001000e-11
2.823722502461426e-08	5.000000e+00	0.000000e+00	5.000000e+00	-1.001000e-11
2.827628752461426e-08	5.000000e+00	0.000000e+00	5.000000e+00	-1.001000e-11
2.831535002461426e-08	5.000000e+00	0.000000e+00	5.000000e+00	-1.001000e-11
2.835441252461426e-08	5.000000e+00	0.000000e+00	5.000000e+00	-1.001000e-11
2.839347502461426e-08	5.000000e+00	0.000000e+00	5.000000e+00	-1.001000e-11
2.843253752461426e-08	5.000000e+00	0.000000e+00	5.000000e+00	-1.001000e-11
2.847160002461425e-08	5.000000e+00	0.000000e+00	5.000000e+00	-1.001000e-11
2.851066252461425e-08	5.000000e+00	0.000000e+00	5.000000e+00	-1.001000e-11
2.854972502461425e-08	5.000000e+00	0.000000e+00	5.000000e+00	-1.001000e-11
2.858878752461425e-08	5.000000e+00	0.000000e+00	5.000000e+00	-1.001000e-11
2.862785002461425e-08	5.000000e+00	0.000000e+00	5.000000e+00	-1.001000e-11
2.866691252461425e-08	5.000000e+00	0.000000e+00	5.000000e+00	-1.001000e-11
2.870597502461425e-08	5.000000e+00	0.000000e+00	5.000000e+00	-1.001000e-11
2.874503752461425e-08	5.000000e+00	0.000000e+00	5.000000e+00	-1.001000e-11
2.878410002461425e-08	5.000000e+00	0.000000e+00	5.000000e+00	-1.001000e-11
2.882316252461425e-08	5.000000e+00	0.000000e+00	5.000000e+00	-1.001000e-11
2.886222502461425e-08	5.000000e+00	0.000000e+00	5.000000e+00	-1.001000e-11
2.890128752461425e-08	5.000000e+00	0.000000e+00	5.000000e+00	-1.001000e-11
2.894035002461425e-08	5.000000e+00	0.000000e+00	5.000000e+00	-1.001000e-11
2.897941252461425e-08	5.000000e+00	0.000000e+00	5.000000e+00	-1.001000e-11
2.901847502461425e-08	5.000000e+00	0.000000e+00	5.000000e+00	-1.001000e-11
2.905753752461425e-08	5.000000e+00	0.000000e+00	5.000000e+00	-1.001000e-11
2.909660002461425e-08	5.000000e+00	0.000000e+00	5.000000e+00	-1.001000e-11
2.913566252461425e-08	5.000000e+00	0.000000e+00	5.000000e+00	-1.001000e-11
2.917472502461425e-08	5.000000e+00	0.000000e+00	5.000000e+00	-1.001000e-11
2.921378752461425e-08	5.000000e+00	0.000000e+00	5.000000e+00	-1.001000e-11
2.925285002461425e-08	5.000000e+00	0.000000e+00	5.000000e+00	-1.001000e-11
2.929191252461425e-08	5.000000e+00	0.000000e+00	5.000000e+00	-1.001000e-11
2.933097502461425e-08	5.000000e+00	0.000000e+00	5.000000e+00	-1.001000e-11
2.937003752461425e-08	5.000000e+00	0.000000e+00	5.000000e+00	-1.001000e-11
2.940910002461425e-08	5.000000e+00	0.000000e+00	5.000000e+00	-1.001000e-11
2.944816252461425e-08	5.000000e+00	0.000000e+00	5.000000e+00	-1.001000e-11
2.948722502461424e-08	5.000000e+00	0.000000e+00	5.000000e+00	-1.001000e-11
2.952628752461424e-08	5.000000e+00	0.000000e+00	5.000000e+00	-1.001000e-11
2.956535002461424e-08	5.000000e+00	0.000000e+00	5.000000e+00	-1.001000e-11
2.960441252461424e-08	5.000000e+00	0.000000e+00	5.000000e+00	-1.001000e-11
2.964347502461424e-08	5.000000e+00	0.000000e+00	5.000000e+00	-1.001000e-11
2.968253752461424e-08	5.000000e+00	0.000000e+00	5.000000e+00	-1.001000e-11
2.972160002461424e-08	5.000000e+00	0.000000e+00	5.000000e+00	-1.001000e-11
2.976066252461424e-08	5.000000e+00	0.000000e+00	5.000000e+00	-1.001000e-11
2.979972502461424e-08	5.000000e+00	0.000000e+00	5.000000e+00	-1.001000e-11
2.983878752461424e-08	5.000000e+00	0.000000e+00	5.000000e+00	-1.001000e-11
2.987785002461424e-08	5.000000e+00	0.000000e+00	5.000000e+00	-1.001000e-11
2.991691252461424e-08	5.000000e+00	0.000000e+00	5.000000e+00	-1.001000e-11
2.995597502461424e-08	5.000000e+00	0.000000e+00	5.000000e+00	-1.001000e-11
2.999503752461424e-08	5.000000e+00	0.000000e+00	5.000000e+00	-1.001000e-11
3.000000000000000e-08	5.000000e+00	0.000000e+00	5.000000e+00	-1.001000e-11
3.000390625000001e-08	5.000000e+00	1.953125e-01	4.999862e+00	-1.000284e-11
3.001171875000000e-08	5.000000e+00	5.859375e-01	4.998569e+00	-9.950165e-12
3.002734375000000e-08	5.000000e+00	1.367188e+00	4.985514e+00	-9.728107e-12
3.005859375000001e-08	5.000000e+00	2.929688e+00	4.885280e+00	-8.966113e-12
3.009765625000001e-08	5.000000e+00	4.882812e+00	4.552162e+00	-7.670569e-12
3.010000000000000e-08	5.000000e+00	5.000000e+00	4.523564e+00	-7.599532e-12
3.010390625000001e-08	5.000000e+00	5.000000e+00	4.475210e+00	-7.654626e-12
3.011171875000000e-08	5.000000e+00	5.000000e+00	4.378781e+00	-7.766655e-12
3.012734375000001e-08	5.000000e+00	5.000000e+00	4.187554e+00	-7.996253e-12
3.015859375000001e-08	5.000000e+00	5.000000e+00	3.813091e+00	-8.474474e-12
3.019765625000001e-08	5.000000e+00	5.000000e+00	3.364679e+00	-9.094977e-12
3.023671875000001e-08	5.000000e+00	5.000000e+00	2.943791e+00	-9.721849e-12
3.027578125000001e-08	5.000000e+00	5.000000e+00	2.555153e+00	-1.033595e-11
3.031484375000001e-08	5.000000e+00	5.000000e+00	2.201692e+00	-1.092144e-11
3.035390625000001e-08	5.000000e+00	5.000000e+00	1.884636e+00	-1.146667e-11
3.039296875000001e-08	5.000000e+00	5.000000e+00	1.603751e+00	-1.196427e-11
3.043203125000000e-08	5.000000e+00	5.000000e+00	1.357645e+00	-1.241068e-11
3.047109375000000e-08	5.000000e+00	5.000000e+00	1.144095e+00	-1.280539e-11
3.051015625000000e-08	5.000000e+00	5.000000e+00	9.603527e-01	-1.315015e-11
3.054921875000000e-08	5.000000e+00	5.000000e+00	8.034050e-01	-1.344820e-11
3.058828125000000e-08	5.000000e+00	5.000000e+00	6.701775e-01	-1.370367e-11
3.062734375000000e-08	5.000000e+00	5.000000e+00	5.576829e-01	-1.392108e-11
3.066640625000000e-08	5.000000e+00	5.000000e+00	4.631196e-01	-1.410499e-11
3.070546875000000e-08	5.000000e+00	5.000000e+00	3.839287e-01	-1.425980e-11
3.074453125000000e-08	5.000000e+00	5.000000e+00	3.178204e-01	-1.438957e-11
3.078359375000000e-08	5.000000e+00	5.000000e+00	2.627792e-01	-1.449798e-11
3.082265625000000e-08	5.000000e+00	5.000000e+00	2.170530e-01	-1.458830e-11
3.086171875000000e-08	5.000000e+00	5.000000e+00	1.791349e-01	-1.466336e-11
3.090078125000000e-08	5.000000e+00	5.000000e+00	1.477391e-01	-1.472563e-11
3.093984375000000e-08	5.000000e+00	5.000000e+00	1.217766e-01	-1.477720e-11
3.097890625000000e-08	5.000000e+00	5.000000e+00	1.003292e-01	-1.481985e-11
3.101796875000000e-08	5.000000e+00	5.000000e+00	8.262710e-02	-1.485509e-11
3.105703125000000e-08	5.000000e+00	5.000000e+00	6.802653e-02	-1.488418e-11
3.109609375000000e-08	5.000000e+00	5.000000e+00	5.599113e-02	-1.490818e-11
3.113515625000000e-08	5.000000e+00	5.000000e+00	4.607503e-02	-1.492796e-11
3.117421875000000e-08	5.000000e+00	5.000000e+00	3.790829e-02	-1.494426e-11
3.121328125000000e-08	5.000000e+00	5.000000e+00	3.118448e-02	-1.495768e-11
3.125234375000000e-08	5.000000e+00	5.000000e+00	2.565017e-02	-1.496873e-11
3.129140625000000e-08	5.000000e+00	5.000000e+00	2.109593e-02	-1.497783e-11
3.133046875000000e-08	5.000000e+00	5.000000e+00	1.734888e-02	-1.498532e-11
3.136953125000000e-08	5.000000e+00	5.000000e+00	1.426642e-02	-1.499148e-11
3.140859375000000e-08	5.000000e+00	5.000000e+00	1.173099e-02	-1.499654e-11
3.144765625000000e-08	5.000000e+00	5.000000e+00	9.645729e-03	-1.500071e-11
3.148671874999999e-08	5.000000e+00	5.000000e+00	7.930845e-03	-1.500414e-11
3.152578124999999e-08	5.000000e+00	5.000000e+00	6.520652e-03	-1.500696e-11
3.156484374999999e-08	5.000000e+00	5.000000e+00	5.361080e-03	-1.500928e-11
3.160390624999999e-08	5.000000e+00	5.000000e+00	4.407632e-03	-1.501119e-11
3.164296874999999e-08	5.000000e+00	5.000000e+00	3.623698e-03	-1.501275e-11
3.168203124999999e-08	5.000000e+00	5.000000e+00	2.979161e-03	-1.501404e-11
3.172109374999999e-08	5.000000e+00	5.000000e+00	2.449246e-03	-1.501510e-11
3.176015624999999e-08	5.000000e+00	5.000000e+00	2.013580e-03	-1.501597e-11
3.179921874999999e-08	5.000000e+00	5.000000e+00	1.655406e-03	-1.501669e-11
3.183828124999999e-08	5.000000e+00	5.000000e+00	1.360944e-03	-1.501728e-11
3.187734374999999e-08	5.000000e+00	5.000000e+00	1.118864e-03	-1.501776e-11
3.191640624999999e-08	5.000000e+00	5.000000e+00	9.198497e-04	-1.501816e-11
3.195546874999999e-08	5.000000e+00	5.000000e+00	7.562414e-04	-1.501849e-11
3.199453124999999e-08	5.000000e+00	5.000000e+00	6.217408e-04	-1.501876e-11
3.203359374999999e-08	5.000000e+00	5.000000e+00	5.111699e-04	-1.501898e-11
3.207265624999999e-08	5.000000e+00	5.000000e+00	4.202717e-04	-1.501916e-11
3.211171874999999e-08	5.000000e+00	5.000000e+00	3.455463e-04	-1.501931e-11
3.215078124999999e-08	5.000000e+00	5.000000e+00	2.841164e-04	-1.501943e-11
3.218984374999999e-08	5.000000e+00	5.000000e+00	2.336165e-04	-1.501953e-11
3.222890624999999e-08	5.000000e+00	5.000000e+00	1.921020e-04	-1.501962e-11
3.226796874999999e-08	5.000000e+00	5.000000e+00	1.579741e-04	-1.501968e-11
3.230703124999999e-08	5.000000e+00	5.000000e+00	1.299187e-04	-1.501974e-11
3.234609374999999e-08	5.000000e+00	5.000000e+00	1.068551e-04	-1.501979e-11
3.238515624999999e-08	5.000000e+00	5.000000e+00	8.789537e-05	-1.501982e-11
3.242421874999999e-08	5.000000e+00	5.000000e+00	7.230917e-05	-1.501986e-11
3.246328124999999e-08	5.000000e+00	5.000000e+00	5.949628e-05	-1.501988e-11
3.250234374999999e-08	5.000000e+00	5.000000e+00	4.896324e-05	-1.501990e-11
3.254140624999998e-08	5.000000e+00	5.000000e+00	4.030439e-05	-1.501992e-11
3.258046874999998e-08	5.000000e+00	5.000000e+00	3.318625e-05	-1.501993e-11
3.261953124999998e-08	5.000000e+00	5.000000e+00	2.733467e-05	-1.501995e-11
3.265859374999998e-08	5.000000e+00	5.000000e+00	2.252430e-05	-1.501995e-11
3.269765624999998e-08	5.000000e+00	5.000000e+00	1.856986e-05	-1.501996e-11
3.273671874999998e-08	5.000000e+00	5.000000e+00	1.531905e-05	-1.501997e-11
3.277578124999998e-08	5.000000e+00	5.000000e+00	1.264668e-05	-1.501997e-11
3.281484374999998e-08	5.000000e+00	5.000000e+00	1.044982e-05	-1.501998e-11
3.285390624999998e-08	5.000000e+00	5.000000e+00	8.643854e-06	-1.501998e-11
3.289296874999998e-08	5.000000e+00	5.000000e+00	7.159237e-06	-1.501999e-11
3.293203124999998e-08	5.000000e+00	5.000000e+00	5.938786e-06	-1.501999e-11
3.297109374999998e-08	5.000000e+00	5.000000e+00	4.935497e-06	-1.501999e-11
3.301015624999998e-08	5.000000e+00	5.000000e+00	4.110729e-06	-1.501999e-11
3.304921874999998e-08	5.000000e+00	5.000000e+00	3.432717e-06	-1.501999e-11
3.308828124999998e-08	5.000000e+00	5.000000e+00	2.875347e-06	-1.501999e-11
3.312734374999998e-08	5.000000e+00	5.000000e+00	2.417154e-06	-1.502000e-11
3.316640624999998e-08	5.000000e+00	5.000000e+00	2.040490e-06	-1.502000e-11
3.320546874999998e-08	5.000000e+00	5.000000e+00	1.730847e-06	-1.502000e-11
3.324453124999998e-08	5.000000e+00	5.000000e+00	1.476302e-06	-1.502000e-11
3.328359374999998e-08	5.000000e+00	5.000000e+00	1.267049e-06	-1.502000e-11
3.332265624999998e-08	5.000000e+00	5.000000e+00	1.095029e-06	-1.502000e-11
3.336171874999998e-08	5.000000e+00	5.000000e+00	9.536184e-07	-1.502000e-11
3.340078124999998e-08	5.000000e+00	5.000000e+00	8.373696e-07	-1.502000e-11
3.343984374999998e-08	5.000000e+00	5.000000e+00	7.418056e-07	-1.502000e-11
3.347890624999998e-08	5.000000e+00	5.000000e+00	6.632459e-07	-1.502000e-11
3.351796874999998e-08	5.000000e+00	5.000000e+00	5.986648e-07	-1.502000e-11
3.355703124999998e-08	5.000000e+00	5.000000e+00	5.455749e-07	-1.502000e-11
3.359609374999997e-08	5.000000e+00	5.000000e+00	5.019317e-07	-1.502000e-11
3.363515624999997e-08	5.000000e+00	5.000000e+00	4.660542e-07	-1.502000e-11
3.367421874999997e-08	5.000000e+00	5.000000e+00	4.365606e-07	-1.502000e-11
3.371328124999997e-08	5.000000e+00	5.000000e+00	4.123149e-07	-1.502000e-11
3.375234374999997e-08	5.000000e+00	5.000000e+00	3.923834e-07	-1.502000e-11
3.379140624999997e-08	5.000000e+00	5.000000e+00	3.759985e-07	-1.502000e-11
3.383046874999997e-08	5.000000e+00	5.000000e+00	3.625290e-07	-1.502000e-11
3.386953124999997e-08	5.000000e+00	5.000000e+00	3.514562e-07	-1.502000e-11
3.390859374999997e-08	5.000000e+00	5.000000e+00	3.423537e-07	-1.502000e-11
3.394765624999997e-08	5.000000e+00	5.000000e+00	3.348708e-07	-1.502000e-11
3.398671874999997e-08	5.000000e+00	5.000000e+00	3.287194e-07	-1.502000e-11
3.402578124999997e-08	5.000000e+00	5.000000e+00	3.236626e-07	-1.502000e-11
3.406484374999997e-08	5.000000e+00	5.000000e+00	3.195055e-07	-1.502000e-11
3.410390624999997e-08	5.000000e+00	5.000000e+00	3.160882e-07	-1.502000e-11
3.414296874999997e-08	5.000000e+00	5.000000e+00	3.132789e-07	-1.502000e-11
3.418203124999997e-08	5.000000e+00	5.000000e+00	3.109695e-07	-1.502000e-11
3.422109374999997e-08	5.000000e+00	5.000000e+00	3.090710e-07	-1.502000e-11
3.426015624999997e-08	5.000000e+00	5.000000e+00	3.075103e-07	-1.502000e-11
3.429921874999997e-08	5.000000e+00	5.000000e+00	3.062273e-07	-1.502000e-11
3.433828124999997e-08	5.000000e+00	5.000000e+00	3.051726e-07	-1.502000e-11
3.437734374999997e-08	5.000000e+00	5.000000e+00	3.043056e-07	-1.502000e-11
3.441640624999997e-08	5.000000e+00	5.000000e+00	3.035929e-07	-1.502000e-11
3.445546874999997e-08	5.000000e+00	5.000000e+00	3.030069e-07	-1.502000e-11
3.449453124999997e-08	5.000000e+00	5.000000e+00	3.025253e-07	-1.502000e-11
3.453359374999997e-08	5.000000e+00	5.000000e+00	3.021293e-07	-1.502000e-11
3.457265624999997e-08	5.000000e+00	5.000000e+00	3.018038e-07	-1.502000e-11
3.461171874999996e-08	5.000000e+00	5.000000e+00	3.015362e-07	-1.502000e-11
3.465078124999996e-08	5.000000e+00	5.000000e+00	3.013162e-07	-1.502000e-11
3.468984374999996e-08	5.000000e+00	5.000000e+00	3.011354e-07	-1.502000e-11
3.472890624999996e-08	5.000000e+00	5.000000e+00	3.009868e-07	-1.502000e-11
3.476796874999996e-08	5.000000e+00	5.000000e+00	3.008646e-07	-1.502000e-11
3.480703124999996e-08	5.000000e+00	5.000000e+00	3.007641e-07	-1.502000e-11
3.484609374999996e-08	5.000000e+00	5.000000e+00	3.006815e-07	-1.502000e-11
3.488515624999996e-08	5.000000e+00	5.000000e+00	3.006136e-07	-1.502000e-11
3.492421874999996e-08	5.000000e+00	5.000000e+00	3.005578e-07	-1.502000e-11
3.496328124999996e-08	5.000000e+00	5.000000e+00	3.005119e-07	-1.502000e-11
3.500000000000000e-08	5.000000e+00	5.000000e+00	3.004763e-07	-1.502000e-11
3.500390625000000e-08	4.804688e+00	5.000000e+00	7.486324e-05	-3.814849e-07
3.501171875000000e-08	4.414062e+00	5.000000e+00	8.462659e-04	-3.433243e-06
3.502734375000000e-08	3.632812e+00	5.000000e+00	1.037378e-02	-1.869203e-05
3.505859375000001e-08	2.070312e+00	5.000000e+00	1.199485e-01	-8.583070e-05
3.509100102631108e-08	4.499487e-01	5.000000e+00	4.655185e-01	-1.555767e-04
3.510000000000000e-08	0.000000e+00	5.000000e+00	6.047389e-01	-1.558635e-04
3.510340524323459e-08	0.000000e+00	5.000000e+00	6.568555e-01	-1.530481e-04
3.511021572970376e-08	0.000000e+00	5.000000e+00	7.591996e-01	-1.475001e-04
3.512383670264211e-08	0.000000e+00	5.000000e+00	9.529325e-01	-1.369613e-04
3.515107864851881e-08	0.000000e+00	5.000000e+00	1.300422e+00	-1.181368e-04
3.519014114851880e-08	0.000000e+00	5.000000e+00	1.718890e+00	-9.607031e-05
3.522920364851880e-08	0.000000e+00	5.000000e+00	2.060778e+00	-7.892833e-05
3.526826614851880e-08	0.000000e+00	5.000000e+00	2.343102e+00	-6.560794e-05
3.530732864851880e-08	0.000000e+00	5.000000e+00	2.579001e+00	-5.517663e-05
3.534639114851880e-08	0.000000e+00	5.000000e+00	2.778390e+00	-4.691922e-05
3.538545364851880e-08	0.000000e+00	5.000000e+00	2.948737e+00	-4.030611e-05
3.542451614851880e-08	0.000000e+00	5.000000e+00	3.095706e+00	-3.494818e-05
3.546357864851880e-08	0.000000e+00	5.000000e+00	3.223639e+00	-3.055877e-05
3.550264114851880e-08	0.000000e+00	5.000000e+00	3.335906e+00	-2.692518e-05
3.554170364851880e-08	0.000000e+00	5.000000e+00	3.435145e+00	-2.388802e-05
3.558076614851880e-08	0.000000e+00	5.000000e+00	3.523451e+00	-2.132662e-05
3.561982864851880e-08	0.000000e+00	5.000000e+00	3.602501e+00	-1.914860e-05
3.565889114851880e-08	0.000000e+00	5.000000e+00	3.673653e+00	-1.728248e-05
3.569795364851880e-08	0.000000e+00	5.000000e+00	3.738017e+00	-1.567239e-05
3.573701614851880e-08	0.000000e+00	5.000000e+00	3.796505e+00	-1.427423e-05
3.577607864851880e-08	0.000000e+00	5.000000e+00	3.849877e+00	-1.305287e-05
3.581514114851880e-08	0.000000e+00	5.000000e+00	3.898768e+00	-1.198006e-05
3.585420364851880e-08	0.000000e+00	5.000000e+00	3.943715e+00	-1.103291e-05
3.589326614851880e-08	0.000000e+00	5.000000e+00	3.985171e+00	-1.019274e-05
3.593232864851880e-08	0.000000e+00	5.000000e+00	4.023524e+00	-9.444162e-06
3.597139114851880e-08	0.000000e+00	5.000000e+00	4.059106e+00	-8.774454e-06
3.601045364851880e-08	0.000000e+00	5.000000e+00	4.092206e+00	-8.172996e-06
3.604951614851880e-08	0.000000e+00	5.000000e+00	4.123073e+00	-7.630889e-06
3.608857864851880e-08	0.000000e+00	5.000000e+00	4.151924e+00	-7.140626e-06
3.612764114851880e-08	0.000000e+00	5.000000e+00	4.178948e+00	-6.695844e-06
3.616670364851880e-08	0.000000e+00	5.000000e+00	4.204313e+00	-6.291120e-06
3.620576614851879e-08	0.000000e+00	5.000000e+00	4.228166e+00	-5.921811e-06
3.624482864851879e-08	0.000000e+00	5.000000e+00	4.250638e+00	-5.583925e-06
3.628389114851879e-08	0.000000e+00	5.000000e+00	4.271844e+00	-5.274012e-06
3.632295364851879e-08	0.000000e+00	5.000000e+00	4.291890e+00	-4.989084e-06
3.636201614851879e-08	0.000000e+00	5.000000e+00	4.310865e+00	-4.726536e-06
3.640107864851879e-08	0.000000e+00	5.000000e+00	4.328855e+00	-4.484094e-06
3.644014114851879e-08	0.000000e+00	5.000000e+00	4.345932e+00	-4.259766e-06
3.647920364851879e-08	0.000000e+00	5.000000e+00	4.362165e+00	-4.051797e-06
3.651826614851879e-08	0.000000e+00	5.000000e+00	4.377615e+00	-3.858640e-06
3.655732864851879e-08	0.000000e+00	5.000000e+00	4.392337e+00	-3.678927e-06
3.659639114851879e-08	0.000000e+00	5.000000e+00	4.406381e+00	-3.511441e-06
3.663545364851879e-08	0.000000e+00	5.000000e+00	4.419792e+00	-3.355103e-06
3.667451614851879e-08	0.000000e+00	5.000000e+00	4.432612e+00	-3.208947e-06
3.671357864851879e-08	0.000000e+00	5.000000e+00	4.444880e+00	-3.072110e-06
3.675264114851879e-08	0.000000e+00	5.000000e+00	4.456629e+00	-2.943819e-06
3.679170364851879e-08	0.000000e+00	5.000000e+00	4.467894e+00	-2.823379e-06
3.683076614851879e-08	0.000000e+00	5.000000e+00	4.478701e+00	-2.710163e-06
3.686982864851879e-08	0.000000e+00	5.000000e+00	4.489079e+00	-2.603606e-06
3.690889114851879e-08	0.000000e+00	5.000000e+00	4.499053e+00	-2.503198e-06
3.694795364851879e-08	0.000000e+00	5.000000e+00	4.508646e+00	-2.408476e-06
3.698701614851879e-08	0.000000e+00	5.000000e+00	4.517879e+00	-2.319018e-06
3.702607864851879e-08	0.000000e+00	5.000000e+00	4.526773e+00	-2.234443e-06
3.706514114851879e-08	0.000000e+00	5.000000e+00	4.535345e+00	-2.154403e-06
3.710420364851879e-08	0.000000e+00	5.000000e+00	4.543612e+00	-2.078580e-06
3.714326614851879e-08	0.000000e+00	5.000000e+00	4.551591e+00	-2.006682e-06
3.718232864851879e-08	0.000000e+00	5.000000e+00	4.559297e+00	-1.938445e-06
3.722139114851879e-08	0.000000e+00	5.000000e+00	4.566742e+00	-1.873624e-06
3.726045364851878e-08	0.000000e+00	5.000000e+00	4.573940e+00	-1.811996e-06
3.729951614851878e-08	0.000000e+00	5.000000e+00	4.580904e+00	-1.753354e-06
3.733857864851878e-08	0.000000e+00	5.000000e+00	4.587644e+00	-1.697509e-06
3.737764114851878e-08	0.000000e+00	5.000000e+00	4.594170e+00	-1.644286e-06
3.741670364851878e-08	0.000000e+00	5.000000e+00	4.600494e+00	-1.593524e-06
3.745576614851878e-08	0.000000e+00	5.000000e+00	4.606624e+00	-1.545073e-06
3.749482864851878e-08	0.000000e+00	5.000000e+00	4.612569e+00	-1.498796e-06
3.753389114851878e-08	0.000000e+00	5.000000e+00	4.618337e+00	-1.454565e-06
3.757295364851878e-08	0.000000e+00	5.000000e+00	4.623936e+00	-1.412260e-06
3.761201614851878e-08	0.000000e+00	5.000000e+00	4.629374e+00	-1.371773e-06
3.765107864851878e-08	0.000000e+00	5.000000e+00	4.634656e+00	-1.332999e-06
3.769014114851878e-08	0.000000e+00	5.000000e+00	4.639791e+00	-1.295845e-06
3.772920364851878e-08	0.000000e+00	5.000000e+00	4.644783e+00	-1.260221e-06
3.776826614851878e-08	0.000000e+00	5.000000e+00	4.649639e+00	-1.226044e-06
3.780732864851878e-08	0.000000e+00	5.000000e+00	4.654364e+00	-1.193238e-06
3.784639114851878e-08	0.000000e+00	5.000000e+00	4.658963e+00	-1.161729e-06
3.788545364851878e-08	0.000000e+00	5.000000e+00	4.663442e+00	-1.131451e-06
3.792451614851878e-08	0.000000e+00	5.000000e+00	4.667805e+00	-1.102340e-06
3.796357864851878e-08	0.000000e+00	5.000000e+00	4.672056e+00	-1.074337e-06
3.800264114851878e-08	0.000000e+00	5.000000e+00	4.676200e+00	-1.047387e-06
3.804170364851878e-08	0.000000e+00	5.000000e+00	4.680240e+00	-1.021438e-06
3.808076614851878e-08	0.000000e+00	5.000000e+00	4.684181e+00	-9.964397e-07
3.811982864851878e-08	0.000000e+00	5.000000e+00	4.688026e+00	-9.723476e-07
3.815889114851878e-08	0.000000e+00	5.000000e+00	4.691779e+00	-9.491180e-07
3.819795364851878e-08	0.000000e+00	5.000000e+00	4.695443e+00	-9.267104e-07
3.823701614851878e-08	0.000000e+00	5.000000e+00	4.699020e+00	-9.050863e-07
3.827607864851878e-08	0.000000e+00	5.000000e+00	4.702515e+00	-8.842098e-07
3.831514114851877e-08	0.000000e+00	5.000000e+00	4.705930e+00	-8.640468e-07
3.835420364851877e-08	0.000000e+00	5.000000e+00	4.709267e+00	-8.445651e-07
3.839326614851877e-08	0.000000e+00	5.000000e+00	4.712529e+00	-8.257346e-07
3.843232864851877e-08	0.000000e+00	5.000000e+00	4.715719e+00	-8.075263e-07
3.847139114851877e-08	0.000000e+00	5.000000e+00	4.718839e+00	-7.899134e-07
3.851045364851877e-08	0.000000e+00	5.000000e+00	4.721891e+00	-7.728700e-07
3.854951614851877e-08	0.000000e+00	5.000000e+00	4.724877e+00	-7.563720e-07
3.858857864851877e-08	0.000000e+00	5.000000e+00	4.727801e+00	-7.403963e-07
3.862764114851877e-08	0.000000e+00	5.000000e+00	4.730662e+00	-7.249212e-07
3.866670364851877e-08	0.000000e+00	5.000000e+00	4.733465e+00	-7.099259e-07
3.870576614851877e-08	0.000000e+00	5.000000e+00	4.736209e+00	-6.953908e-07
3.874482864851877e-08	0.000000e+00	5.000000e+00	4.738898e+00	-6.812973e-07
3.878389114851877e-08	0.000000e+00	5.000000e+00	4.741533e+00	-6.676277e-07
3.882295364851877e-08	0.000000e+00	5.000000e+00	4.744114e+00	-6.543652e-07
3.886201614851877e-08	0.000000e+00	5.000000e+00	4.746645e+00	-6.414937e-07
3.890107864851877e-08	0.000000e+00	5.000000e+00	4.749127e+00	-6.289981e-07
3.894014114851877e-08	0.000000e+00	5.000000e+00	4.751560e+00	-6.168639e-07
3.897920364851877e-08	0.000000e+00	5.000000e+00	4.753946e+00	-6.050773e-07
3.901826614851877e-08	0.000000e+00	5.000000e+00	4.756288e+00	-5.936252e-07
3.905732864851877e-08	0.000000e+00	5.000000e+00	4.758584e+00	-5.824949e-07
3.909639114851877e-08	0.000000e+00	5.000000e+00	4.760839e+00	-5.716747e-07
3.913545364851877e-08	0.000000e+00	5.000000e+00	4.763051e+00	-5.611529e-07
3.917451614851877e-08	0.000000e+00	5.000000e+00	4.765223e+00	-5.509189e-07
3.921357864851877e-08	0.000000e+00	5.000000e+00	4.767355e+00	-5.409622e-07
3.925264114851877e-08	0.000000e+00	5.000000e+00	4.769450e+00	-5.312729e-07
3.929170364851877e-08	0.000000e+00	5.000000e+00	4.771506e+00	-5.218415e-07
3.933076614851877e-08	0.000000e+00	5.000000e+00	4.773527e+00	-5.126589e-07
3.936982864851876e-08	0.000000e+00	5.000000e+00	4.775512e+00	-5.037164e-07
3.940889114851876e-08	0.000000e+00	5.000000e+00	4.777462e+00	-4.950058e-07
3.944795364851876e-08	0.000000e+00	5.000000e+00	4.779379e+00	-4.865191e-07
3.948701614851876e-08	0.000000e+00	5.000000e+00	4.781263e+00	-4.782488e-07
3.952607864851876e-08	0.000000e+00	5.000000e+00	4.783116e+00	-4.701874e-07
3.956514114851876e-08	0.000000e+00	5.000000e+00	4.784937e+00	-4.623281e-07
3.960420364851876e-08	0.000000e+00	5.000000e+00	4.786728e+00	-4.546641e-07
3.964326614851876e-08	0.000000e+00	5.000000e+00	4.788489e+00	-4.471891e-07
3.968232864851876e-08	0.000000e+00	5.000000e+00	4.790222e+00	-4.398968e-07
3.972139114851876e-08	0.000000e+00	5.000000e+00	4.791926e+00	-4.327814e-07
3.976045364851876e-08	0.000000e+00	5.000000e+00	4.793603e+00	-4.258372e-07
3.979951614851876e-08	0.000000e+00	5.000000e+00	4.795253e+00	-4.190588e-07
3.983857864851876e-08	0.000000e+00	5.000000e+00	4.796877e+00	-4.124409e-07
3.987764114851876e-08	0.000000e+00	5.000000e+00	4.798475e+00	-4.059784e-07
3.991670364851876e-08	0.000000e+00	5.000000e+00	4.800048e+00	-3.996666e-07
3.995576614851876e-08	0.000000e+00	5.000000e+00	4.801598e+00	-3.935009e-07
3.999482864851876e-08	0.000000e+00	5.000000e+00	4.803123e+00	-3.874767e-07
4.000000000000000e-08	0.000000e+00	5.000000e+00	4.803323e+00	-3.866895e-07
